id,next_id,select_next_ids,select,plot,name,image_path,is_memory,res_path,scale,partner_picture_xy,type,show_type,disappear_type,show_time,disappear_time,position_move,swap_overlap,map_swap,image_mirror,cg_show,cg_path,cg_scale,cg_layer,cg_show_type,cg_start_xy,cg_show_time,cg_show_xy,cg_disappear_type,cg_disappear_xy,cg_disappear_time,sound,music,expression,face,face_pos,face_scale,bubble_mirror,bubble_xy,bubble_expression,no_click_time,effect,effect_scale,effect_xy,effect_layer,effect_count,jitter,image_xy,image_move,dialog_type,partner_avatar,picture,picture_xy,picture_scale
306106,-1,,,,-1,market_scene2,,partner_picture_zhugeliang_date,1,0|0,0,1,6,1,1,0|0,,,,,,,,,,,,,,,,,,,,,,,,,,,,,,,,,,,,,
306107,306108,,,,-1,market_scene2,,,,,0,,,,,,,,,,,,,,,,,,,,,,,,,,,,,,,,,,,,,,,,,,
306108,306109,,,,-1,market_scene2,,,,,0,,,,,,,,,,,,,,,,,,,,,,,,,,,,,,,,,,,,,,,,,,
306109,-1,,,,-1,market_scene2,,partner_picture_zhugeliang_date,1,0|0,0,1,6,1,1,0|0,,,,,,,,,,,,,,,,,,,,,,,,,,,,,,,,,,,,,
306110,-1,,,,-1,market_scene2,,,,,0,,,,,,,,,,,,,,,,,,,,,,,,,,,,,,,,,,,,,,,,,,
306201,306202,,,-1,-1,market_scene2,,,,,0,,,,,,,,,,,,,,,,,,,,,,,,,,,,,,,,,,,,,,,,,,
306202,306203,,,,-1,market_scene2,,partner_picture_zhugeliang_date,1,0|0,0,1,6,1,1,0|0,,,,,,,,,,,,,,,,,,,,,,,,,,,,,,,,,,,,,
306203,-1,,,,-1,market_scene2,,,,,0,,,,,,,,,,,,,,,,,,,,,,,,,,,,,,,,,,,,,,,,,,
306204,-1,,,,-1,market_scene2,,partner_picture_zhugeliang_date,1,0|0,0,1,6,1,1,0|0,,,,,,,,,,,,,,,,,,,,,,,,,,,,,,,,,,,,,
306205,306206,,,,-1,market_scene2,,,,,0,,,,,,,,,,,,,,,,,,,,,,,,,,,,,,,,,,,,,,,,,,
306206,-1,,,,-1,market_scene2,,partner_picture_zhugeliang_date,1,0|0,0,1,6,1,1,0|0,,,,,,,,,,,,,,,,,,,,,,,,,,,,,,,,,,,,,
306207,306208,,,,-1,market_scene2,,partner_picture_zhugeliang_date,1,0|0,0,1,6,1,1,0|0,,,,,,,,,,,,,,,,,,,,,,,,,,,,,,,,,,,,,
306208,306209,,,,*,market_scene2,,partner_picture_zhugeliang_date,1,0|0,2,1,6,1,1,0|0,,,,,,,,,,,,,,,,,,,,,,,,,,,,,,,,,,,,,
306209,306210,,,,-1,market_scene2,,partner_picture_zhugeliang_date,1,0|0,0,1,6,1,1,0|0,,,,,,,,,,,,,,,,,,,,,,,,,,,,,,,,,,,,,
306210,306211,,,,*,market_scene2,,partner_picture_zhugeliang_date,1,0|0,2,1,6,1,1,0|0,,,,,,,,,,,,,,,,,,,,,,,,,,,,,,,,,,,,,
306211,-1,,,,-1,market_scene2,,partner_picture_zhugeliang_date,1,0|0,0,1,6,1,1,0|0,,,,,,,,,,,,,,,,,,,,,,,,,,,,,,,,,,,,,
306301,306302,,,-1,-1,market_scene2,,,,,0,,,,,,,,,,,,,,,,,,,,,,,,,,,,,,,,,,,,,,,,,,
306302,306303,,,,-1,market_scene2,,partner_picture_zhugeliang_date,1,0|0,0,1,6,1,1,0|0,,,,,,,,,,,,,,,,,,,,,,,,,,,,,,,,,,,,,
306303,-1,,,,-1,market_scene2,,,,,0,,,,,,,,,,,,,,,,,,,,,,,,,,,,,,,,,,,,,,,,,,
306304,306305,,,,*,market_scene2,,partner_picture_zhugeliang_date,1,0|0,2,1,6,1,1,0|0,,,,,,,,,,,,,,,,,,,,,,,,,,,,,,,,,,,,,
306305,-1,,,,-1,market_scene2,,,,,0,,,,,,,,,,,,,,,,,,,,,,,,,,,,,,,,,,,,,,,,,,
306306,-1,,,,-1,market_scene2,,partner_picture_zhugeliang_date,1,0|0,0,1,6,1,1,0|0,,,,,,,,,,,,,,,,,,,,,,,,,,,,,,,,,,,,,
306307,306308,,,,-1,market_scene2,,partner_picture_zhugeliang_date,1,0|0,0,1,6,1,1,0|0,,,,,,,,,,,,,,,,,,,,,,,,,,,,,,,,,,,,,
306308,306309,,,,*,market_scene2,,partner_picture_zhugeliang_date,1,0|0,2,1,6,1,1,0|0,,,,,,,,,,,,,,,,,,,,,,,,,,,,,,,,,,,,,
306309,-1,,,,-1,market_scene2,,,,,0,,,,,,,,,,,,,,,,,,,,,,,,,,,,,,,,,,,,,,,,,,
307101,307102,,,-1,*,cherry_tree,,partner_picture_zhugeliang_date,1,0|0,2,1,6,1,1,0|0,,,,,,,,,,,,,,,,,,,,,,,,,,,,,,,,,,,,,
307102,307103,,,,*,cherry_tree,,partner_picture_zhugeliang_date,1,0|0,2,1,6,1,1,0|0,,,,,,,,,,,,,,,,,,,,,,,,,,,,,,,,,,,,,
307103,-1,,,,-1,cherry_tree,,partner_picture_zhugeliang_date,1,0|0,0,1,6,1,1,0|0,,,,,,,,,,,,,,,,,,,,,,,,,,,,,,,,,,,,,
307104,-1,,,,-1,cherry_tree,,partner_picture_zhugeliang_date,1,0|0,0,1,6,1,1,0|0,,,,,,,,,,,,,,,,,,,,,,,,,,,,,,,,,,,,,
307105,-1,,,,-1,cherry_tree,,partner_picture_zhugeliang_date,1,0|0,0,1,6,1,1,0|0,,,,,,,,,,,,,,,,,,,,,,,,,,,,,,,,,,,,,
307106,-1,,,,-1,cherry_tree,,partner_picture_zhugeliang_date,1,0|0,0,1,6,1,1,0|0,,,,,,,,,,,,,,,,,,,,,,,,,,,,,,,,,,,,,
307201,307202,,,-1,-1,cherry_tree,,partner_picture_zhugeliang_date,1,0|0,0,1,6,1,1,0|0,,,,,,,,,,,,,,,,,,,,,,,,,,,,,,,,,,,,,
307202,307203,,,,*,cherry_tree,,partner_picture_zhugeliang_date,1,0|0,2,1,6,1,1,0|0,,,,,,,,,,,,,,,,,,,,,,,,,,,,,,,,,,,,,
307203,-1,,,,-1,cherry_tree,,partner_picture_zhugeliang_date,1,0|0,0,1,6,1,1,0|0,,,,,,,,,,,,,,,,,,,,,,,,,,,,,,,,,,,,,
307204,307205,,,,-1,cherry_tree,,partner_picture_zhugeliang_date,1,0|0,0,1,6,1,1,0|0,,,,,,,,,,,,,,,,,,,,,,,,,,,,,,,,,,,,,
307205,-1,,,,-1,cherry_tree,,partner_picture_zhugeliang_date,1,0|0,0,1,6,1,1,0|0,,,,,,,,,,,,,,,,,,,,,,,,,,,,,,,,,,,,,
307206,-1,,,,-1,cherry_tree,,partner_picture_zhugeliang_date,1,0|0,0,1,6,1,1,0|0,,,,,,,,,,,,,,,,,,,,,,,,,,,,,,,,,,,,,
307207,-1,,,,-1,cherry_tree,,partner_picture_zhugeliang_date,1,0|0,0,1,6,1,1,0|0,,,,,,,,,,,,,,,,,,,,,,,,,,,,,,,,,,,,,
307301,307302,,,-1,*,cherry_tree,,partner_picture_zhugeliang_date,1,0|0,2,1,6,1,1,0|0,,,,,,,,,,,,,,,,,,,,,,,,,,,,,,,,,,,,,
307302,307303,,,,-1,cherry_tree,,partner_picture_zhugeliang_date,1,0|0,0,1,6,1,1,0|0,,,,,,,,,,,,,,,,,,,,,,,,,,,,,,,,,,,,,
307303,-1,,,,-1,cherry_tree,,partner_picture_zhugeliang_date,1,0|0,0,1,6,1,1,0|0,,,,,,,,,,,,,,,,,,,,,,,,,,,,,,,,,,,,,
307304,-1,,,,-1,cherry_tree,,partner_picture_zhugeliang_date,1,0|0,0,1,6,1,1,0|0,,,,,,,,,,,,,,,,,,,,,,,,,,,,,,,,,,,,,
307305,307306,,,,-1,cherry_tree,,partner_picture_zhugeliang_date,1,0|0,0,1,6,1,1,0|0,,,,,,,,,,,,,,,,,,,,,,,,,,,,,,,,,,,,,
307306,307307,,,,*,cherry_tree,,partner_picture_zhugeliang_date,1,0|0,2,1,6,1,1,0|0,,,,,,,,,,,,,,,,,,,,,,,,,,,,,,,,,,,,,
307307,-1,,,,-1,cherry_tree,,partner_picture_zhugeliang_date,1,0|0,0,1,6,1,1,0|0,,,,,,,,,,,,,,,,,,,,,,,,,,,,,,,,,,,,,
307308,307309,,,,-1,cherry_tree,,partner_picture_zhugeliang_date,1,0|0,0,1,6,1,1,0|0,,,,,,,,,,,,,,,,,,,,,,,,,,,,,,,,,,,,,
307309,-1,,,,-1,cherry_tree,,partner_picture_zhugeliang_date,1,0|0,0,1,6,1,1,0|0,,,,,,,,,,,,,,,,,,,,,,,,,,,,,,,,,,,,,
308101,308102,,,-1,-1,market_scene1,,,,,0,,,,,,,,,,,,,,,,,,,,,,,,,,,,,,,,,,,,,,,,,,
308102,308103,,,,-1,market_scene1,,partner_picture_zhugeliang_date,1,0|0,0,1,6,1,1,0|0,,,,,,,,,,,,,,,,,,,,,,,,,,,,,,,,,,,,,
308103,308104,,,,-1,market_scene1,,,,,0,,,,,,,,,,,,,,,,,,,,,,,,,,,,,,,,,,,,,,,,,,
308104,-1,,,,-1,market_scene1,,,,,0,,,,,,,,,,,,,,,,,,,,,,,,,,,,,,,,,,,,,,,,,,
308105,308106,,,,-1,market_scene1,,,,,0,,,,,,,,,,,,,,,,,,,,,,,,,,,,,,,,,,,,,,,,,,
308106,-1,,,,-1,market_scene1,,partner_picture_zhugeliang_date,1,0|0,0,1,6,1,1,0|0,,,,,,,,,,,,,,,,,,,,,,,,,,,,,,,,,,,,,
308107,308108,,,,-1,market_scene1,,,,,0,,,,,,,,,,,,,,,,,,,,,,,,,,,,,,,,,,,,,,,,,,
308108,308109,,,,*,market_scene1,,partner_picture_zhugeliang_date,1,0|0,2,1,6,1,1,0|0,,,,,,,,,,,,,,,,,,,,,,,,,,,,,,,,,,,,,
308109,-1,,,,-1,market_scene1,,partner_picture_zhugeliang_date,1,0|0,0,1,6,1,1,0|0,,,,,,,,,,,,,,,,,,,,,,,,,,,,,,,,,,,,,
308110,308111,,,,-1,market_scene1,,partner_picture_zhugeliang_date,1,0|0,0,1,6,1,1,0|0,,,,,,,,,,,,,,,,,,,,,,,,,,,,,,,,,,,,,
308111,-1,,,,-1,market_scene1,,partner_picture_zhugeliang_date,1,0|0,0,1,6,1,1,0|0,,,,,,,,,,,,,,,,,,,,,,,,,,,,,,,,,,,,,
308201,308202,,,-1,-1,market_scene1,,,,,0,,,,,,,,,,,,,,,,,,,,,,,,,,,,,,,,,,,,,,,,,,
308202,-1,,,,-1,market_scene1,,,,,0,,,,,,,,,,,,,,,,,,,,,,,,,,,,,,,,,,,,,,,,,,
308203,308204,,,,*,market_scene1,,partner_picture_zhugeliang_date,1,0|0,2,1,6,1,1,0|0,,,,,,,,,,,,,,,,,,,,,,,,,,,,,,,,,,,,,
308204,-1,,,,-1,market_scene1,,partner_picture_zhugeliang_date,1,0|0,0,1,6,1,1,0|0,,,,,,,,,,,,,,,,,,,,,,,,,,,,,,,,,,,,,
308205,308206,,,,-1,market_scene1,,partner_picture_zhugeliang_date,1,0|0,0,1,6,1,1,0|0,,,,,,,,,,,,,,,,,,,,,,,,,,,,,,,,,,,,,
308206,308207,,,,-1,market_scene1,,partner_picture_zhugeliang_date,1,0|0,0,1,6,1,1,0|0,,,,,,,,,,,,,,,,,,,,,,,,,,,,,,,,,,,,,
308207,308208,,,,*,market_scene1,,partner_picture_zhugeliang_date,1,0|0,2,1,6,1,1,0|0,,,,,,,,,,,,,,,,,,,,,,,,,,,,,,,,,,,,,
308208,-1,,,,-1,market_scene1,,partner_picture_zhugeliang_date,1,0|0,0,1,6,1,1,0|0,,,,,,,,,,,,,,,,,,,,,,,,,,,,,,,,,,,,,
308209,308210,,,,-1,market_scene1,,partner_picture_zhugeliang_date,1,0|0,0,1,6,1,1,0|0,,,,,,,,,,,,,,,,,,,,,,,,,,,,,,,,,,,,,
308210,308211,,,,*,market_scene1,,partner_picture_zhugeliang_date,1,0|0,2,1,6,1,1,0|0,,,,,,,,,,,,,,,,,,,,,,,,,,,,,,,,,,,,,
308211,308212,,,,-1,market_scene1,,partner_picture_zhugeliang_date,1,0|0,0,1,6,1,1,0|0,,,,,,,,,,,,,,,,,,,,,,,,,,,,,,,,,,,,,
308212,-1,,,,*,market_scene1,,partner_picture_zhugeliang_date,1,0|0,2,1,6,1,1,0|0,,,,,,,,,,,,,,,,,,,,,,,,,,,,,,,,,,,,,
308301,-1,,,-1,-1,market_scene1,,,,,0,,,,,,,,,,,,,,,,,,,,,,,,,,,,,,,,,,,,,,,,,,
308302,308303,,,,-1,market_scene1,,partner_picture_zhugeliang_date,1,0|0,0,1,6,1,1,0|0,,,,,,,,,,,,,,,,,,,,,,,,,,,,,,,,,,,,,
308303,308304,,,,*,market_scene1,,partner_picture_zhugeliang_date,1,0|0,2,1,6,1,1,0|0,,,,,,,,,,,,,,,,,,,,,,,,,,,,,,,,,,,,,
308304,-1,,,,-1,market_scene1,,partner_picture_zhugeliang_date,1,0|0,0,1,6,1,1,0|0,,,,,,,,,,,,,,,,,,,,,,,,,,,,,,,,,,,,,
308305,308306,,,,-1,market_scene1,,partner_picture_zhugeliang_date,1,0|0,0,1,6,1,1,0|0,,,,,,,,,,,,,,,,,,,,,,,,,,,,,,,,,,,,,
308306,-1,,,,*,market_scene1,,partner_picture_zhugeliang_date,1,0|0,2,1,6,1,1,0|0,,,,,,,,,,,,,,,,,,,,,,,,,,,,,,,,,,,,,
308307,308308,,,,-1,market_scene1,,,,,0,,,,,,,,,,,,,,,,,,,,,,,,,,,,,,,,,,,,,,,,,,
308308,-1,,,,-1,market_scene1,,partner_picture_zhugeliang_date,1,0|0,0,1,6,1,1,0|0,,,,,,,,,,,,,,,,,,,,,,,,,,,,,,,,,,,,,
309101,309102,,,-1,*,market_scene4,,partner_picture_zhugeliang_date,1,0|0,2,1,6,1,1,0|0,,,,,,,,,,,,,,,,,,,,,,,,,,,,,,,,,,,,,
309102,309103,,,,-1,market_scene4,,partner_picture_zhugeliang_date,1,0|0,0,1,6,1,1,0|0,,,,,,,,,,,,,,,,,,,,,,,,,,,,,,,,,,,,,
309103,309104,,,,*,market_scene4,,partner_picture_zhugeliang_date,1,0|0,2,1,6,1,1,0|0,,,,,,,,,,,,,,,,,,,,,,,,,,,,,,,,,,,,,
309104,309105,,,,*,market_scene4,,partner_picture_zhugeliang_date,1,0|0,2,1,6,1,1,0|0,,,,,,,,,,,,,,,,,,,,,,,,,,,,,,,,,,,,,
309105,309106,,,,,market_scene4,,,,,1,,,,,,,,,,,,,,,,,,,,,,,,,,,,,,,,,,,,,,,,,,
309106,-1,,,,-1,market_scene4,,,,,0,,,,,,,,,,,,,,,,,,,,,,,,,,,,,,,,,,,,,,,,,,
309107,309108,,,,*,market_scene4,,partner_picture_zhugeliang_date,1,0|0,2,1,6,1,1,0|0,,,,,,,,,,,,,,,,,,,,,,,,,,,,,,,,,,,,,
309108,309109,,,,-1,market_scene4,,partner_picture_zhugeliang_date,1,0|0,0,1,6,1,1,0|0,,,,,,,,,,,,,,,,,,,,,,,,,,,,,,,,,,,,,
309109,309110,,,,*,market_scene4,,partner_picture_zhugeliang_date,1,0|0,2,1,6,1,1,0|0,,,,,,,,,,,,,,,,,,,,,,,,,,,,,,,,,,,,,
309110,-1,,,,-1,market_scene4,,partner_picture_zhugeliang_date,1,0|0,0,1,6,1,1,0|0,,,,,,,,,,,,,,,,,,,,,,,,,,,,,,,,,,,,,
309111,309112,,,,*,market_scene4,,partner_picture_zhugeliang_date,1,0|0,2,1,6,1,1,0|0,,,,,,,,,,,,,,,,,,,,,,,,,,,,,,,,,,,,,
309112,309113,,,,-1,market_scene4,,,,,0,,,,,,,,,,,,,,,,,,,,,,,,,,,,,,,,,,,,,,,,,,
309113,309114,,,,*,market_scene4,,partner_picture_zhugeliang_date,1,0|0,2,1,6,1,1,0|0,,,,,,,,,,,,,,,,,,,,,,,,,,,,,,,,,,,,,
309114,-1,,,,-1,market_scene4,,,,,0,,,,,,,,,,,,,,,,,,,,,,,,,,,,,,,,,,,,,,,,,,
309115,309116,,,,*,market_scene4,,partner_picture_zhugeliang_date,1,0|0,2,1,6,1,1,0|0,,,,,,,,,,,,,,,,,,,,,,,,,,,,,,,,,,,,,
309116,309117,,,,-1,market_scene4,,,,,0,,,,,,,,,,,,,,,,,,,,,,,,,,,,,,,,,,,,,,,,,,
309117,309118,,,,*,market_scene4,,partner_picture_zhugeliang_date,1,0|0,2,1,6,1,1,0|0,,,,,,,,,,,,,,,,,,,,,,,,,,,,,,,,,,,,,
309118,-1,,,,-1,market_scene4,,partner_picture_zhugeliang_date,1,0|0,0,1,6,1,1,0|0,,,,,,,,,,,,,,,,,,,,,,,,,,,,,,,,,,,,,
309201,309202,,,-1,*,market_scene4,,partner_picture_zhugeliang_date,1,0|0,2,1,6,1,1,0|0,,,,,,,,,,,,,,,,,,,,,,,,,,,,,,,,,,,,,
309202,309203,,,,-1,market_scene4,,partner_picture_zhugeliang_date,1,0|0,0,1,6,1,1,0|0,,,,,,,,,,,,,,,,,,,,,,,,,,,,,,,,,,,,,
309203,-1,,,,*,market_scene4,,partner_picture_zhugeliang_date,1,0|0,2,1,6,1,1,0|0,,,,,,,,,,,,,,,,,,,,,,,,,,,,,,,,,,,,,
309204,309205,,,,-1,market_scene4,,partner_picture_zhugeliang_date,1,0|0,0,1,6,1,1,0|0,,,,,,,,,,,,,,,,,,,,,,,,,,,,,,,,,,,,,
309205,309206,,,,-1,market_scene4,,partner_picture_zhugeliang_date,1,0|0,0,1,6,1,1,0|0,,,,,,,,,,,,,,,,,,,,,,,,,,,,,,,,,,,,,
309206,309207,,,,*,market_scene4,,partner_picture_zhugeliang_date,1,0|0,2,1,6,1,1,0|0,,,,,,,,,,,,,,,,,,,,,,,,,,,,,,,,,,,,,
309207,309208,,,,-1,market_scene4,,partner_picture_zhugeliang_date,1,0|0,0,1,6,1,1,0|0,,,,,,,,,,,,,,,,,,,,,,,,,,,,,,,,,,,,,
309208,309209,,,,*,market_scene4,,partner_picture_zhugeliang_date,1,0|0,2,1,6,1,1,0|0,,,,,,,,,,,,,,,,,,,,,,,,,,,,,,,,,,,,,
309209,-1,,,,-1,market_scene4,,partner_picture_zhugeliang_date,1,0|0,0,1,6,1,1,0|0,,,,,,,,,,,,,,,,,,,,,,,,,,,,,,,,,,,,,
309210,309211,,,,-1,market_scene4,,partner_picture_zhugeliang_date,1,0|0,0,1,6,1,1,0|0,,,,,,,,,,,,,,,,,,,,,,,,,,,,,,,,,,,,,
309211,309212,,,,*,market_scene4,,partner_picture_zhugeliang_date,1,0|0,2,1,6,1,1,0|0,,,,,,,,,,,,,,,,,,,,,,,,,,,,,,,,,,,,,
309212,309213,,,,*,market_scene4,,partner_picture_zhugeliang_date,1,0|0,2,1,6,1,1,0|0,,,,,,,,,,,,,,,,,,,,,,,,,,,,,,,,,,,,,
309213,-1,,,,-1,market_scene4,,partner_picture_zhugeliang_date,1,0|0,0,1,6,1,1,0|0,,,,,,,,,,,,,,,,,,,,,,,,,,,,,,,,,,,,,
309214,309215,,,,-1,market_scene4,,partner_picture_zhugeliang_date,1,0|0,0,1,6,1,1,0|0,,,,,,,,,,,,,,,,,,,,,,,,,,,,,,,,,,,,,
309215,309216,,,,*,market_scene4,,partner_picture_zhugeliang_date,1,0|0,2,1,6,1,1,0|0,,,,,,,,,,,,,,,,,,,,,,,,,,,,,,,,,,,,,
309216,-1,,,,-1,market_scene4,,partner_picture_zhugeliang_date,1,0|0,0,1,6,1,1,0|0,,,,,,,,,,,,,,,,,,,,,,,,,,,,,,,,,,,,,
309301,309302,,,-1,*,market_scene4,,partner_picture_zhugeliang_date,1,0|0,2,1,6,1,1,0|0,,,,,,,,,,,,,,,,,,,,,,,,,,,,,,,,,,,,,
309302,-1,,,,*,market_scene4,,partner_picture_zhugeliang_date,1,0|0,2,1,6,1,1,0|0,,,,,,,,,,,,,,,,,,,,,,,,,,,,,,,,,,,,,
309303,309304,,,,-1,market_scene4,,partner_picture_zhugeliang_date,1,0|0,0,1,6,1,1,0|0,,,,,,,,,,,,,,,,,,,,,,,,,,,,,,,,,,,,,
309304,309305,,,,*,market_scene4,,partner_picture_zhugeliang_date,1,0|0,2,1,6,1,1,0|0,,,,,,,,,,,,,,,,,,,,,,,,,,,,,,,,,,,,,
309305,-1,,,,-1,market_scene4,,partner_picture_zhugeliang_date,1,0|0,0,1,6,1,1,0|0,,,,,,,,,,,,,,,,,,,,,,,,,,,,,,,,,,,,,
309306,309307,,,,,market_scene4,,,,,1,,,,,,,,,,,,,,,,,,,,,,,,,,,,,,,,,,,,,,,,,,
309307,-1,,,,*,market_scene4,,partner_picture_zhugeliang_date,1,0|0,2,1,6,1,1,0|0,,,,,,,,,,,,,,,,,,,,,,,,,,,,,,,,,,,,,
309308,309309,,,,*,market_scene4,,partner_picture_zhugeliang_date,1,0|0,2,1,6,1,1,0|0,,,,,,,,,,,,,,,,,,,,,,,,,,,,,,,,,,,,,
309309,309310,,,,,market_scene4,,,,,1,,,,,,,,,,,,,,,,,,,,,,,,,,,,,,,,,,,,,,,,,,
309310,-1,,,,-1,market_scene4,,partner_picture_zhugeliang_date,1,0|0,0,1,6,1,1,0|0,,,,,,,,,,,,,,,,,,,,,,,,,,,,,,,,,,,,,
310101,310102,,,-1,*,market_scene3,,partner_picture_zhugeliang_date,1,0|0,2,1,6,1,1,0|0,,,,,,,,,,,,,,,,,,,,,,,,,,,,,,,,,,,,,
310102,310103,,,,-1,market_scene3,,partner_picture_zhugeliang_date,1,0|0,0,1,6,1,1,0|0,,,,,,,,,,,,,,,,,,,,,,,,,,,,,,,,,,,,,
310103,310104,,,,*,market_scene3,,partner_picture_zhugeliang_date,1,0|0,2,1,6,1,1,0|0,,,,,,,,,,,,,,,,,,,,,,,,,,,,,,,,,,,,,
310104,310105,,,,-1,market_scene3,,partner_picture_zhugeliang_date,1,0|0,0,1,6,1,1,0|0,,,,,,,,,,,,,,,,,,,,,,,,,,,,,,,,,,,,,
310105,310106,,,,*,market_scene3,,partner_picture_zhugeliang_date,1,0|0,2,1,6,1,1,0|0,,,,,,,,,,,,,,,,,,,,,,,,,,,,,,,,,,,,,
310106,-1,,,,-1,market_scene3,,partner_picture_zhugeliang_date,1,0|0,0,1,6,1,1,0|0,,,,,,,,,,,,,,,,,,,,,,,,,,,,,,,,,,,,,
310107,310108,,,,*,market_scene3,,partner_picture_zhugeliang_date,1,0|0,2,1,6,1,1,0|0,,,,,,,,,,,,,,,,,,,,,,,,,,,,,,,,,,,,,
310108,310109,,,,-1,market_scene3,,partner_picture_zhugeliang_date,1,0|0,0,1,6,1,1,0|0,,,,,,,,,,,,,,,,,,,,,,,,,,,,,,,,,,,,,
310109,310110,,,,*,market_scene3,,partner_picture_zhugeliang_date,1,0|0,2,1,6,1,1,0|0,,,,,,,,,,,,,,,,,,,,,,,,,,,,,,,,,,,,,
310110,-1,,,,-1,market_scene3,,partner_picture_zhugeliang_date,1,0|0,0,1,6,1,1,0|0,,,,,,,,,,,,,,,,,,,,,,,,,,,,,,,,,,,,,
310111,310112,,,,-1,market_scene3,,partner_picture_zhugeliang_date,1,0|0,0,1,6,1,1,0|0,,,,,,,,,,,,,,,,,,,,,,,,,,,,,,,,,,,,,
310112,310113,,,,*,market_scene3,,partner_picture_zhugeliang_date,1,0|0,2,1,6,1,1,0|0,,,,,,,,,,,,,,,,,,,,,,,,,,,,,,,,,,,,,
310113,310114,,,,-1,market_scene3,,partner_picture_zhugeliang_date,1,0|0,0,1,6,1,1,0|0,,,,,,,,,,,,,,,,,,,,,,,,,,,,,,,,,,,,,
310114,310115,,,,,market_scene3,,,,,1,,,,,,,,,,,,,,,,,,,,,,,,,,,,,,,,,,,,,,,,,,
310115,-1,,,,*,market_scene3,,partner_picture_zhugeliang_date,1,0|0,2,1,6,1,1,0|0,,,,,,,,,,,,,,,,,,,,,,,,,,,,,,,,,,,,,
310116,310117,,,,*,market_scene3,,partner_picture_zhugeliang_date,1,0|0,2,1,6,1,1,0|0,,,,,,,,,,,,,,,,,,,,,,,,,,,,,,,,,,,,,
310117,310118,,,,-1,market_scene3,,partner_picture_zhugeliang_date,1,0|0,0,1,6,1,1,0|0,,,,,,,,,,,,,,,,,,,,,,,,,,,,,,,,,,,,,
310118,310119,,,,*,market_scene3,,partner_picture_zhugeliang_date,1,0|0,2,1,6,1,1,0|0,,,,,,,,,,,,,,,,,,,,,,,,,,,,,,,,,,,,,
310119,-1,,,,-1,market_scene3,,partner_picture_zhugeliang_date,1,0|0,0,1,6,1,1,0|0,,,,,,,,,,,,,,,,,,,,,,,,,,,,,,,,,,,,,
310201,310202,,,-1,-1,market_scene3,,,,,0,,,,,,,,,,,,,,,,,,,,,,,,,,,,,,,,,,,,,,,,,,
310202,310203,,,,-1,market_scene3,,,,,0,,,,,,,,,,,,,,,,,,,,,,,,,,,,,,,,,,,,,,,,,,
310203,310204,,,,-1,market_scene3,,,,,0,,,,,,,,,,,,,,,,,,,,,,,,,,,,,,,,,,,,,,,,,,
310204,310205,,,,*,market_scene3,,partner_picture_zhugeliang_date,1,0|0,2,1,6,1,1,0|0,,,,,,,,,,,,,,,,,,,,,,,,,,,,,,,,,,,,,
310205,-1,,,,-1,market_scene3,,partner_picture_zhugeliang_date,1,0|0,0,1,6,1,1,0|0,,,,,,,,,,,,,,,,,,,,,,,,,,,,,,,,,,,,,
310206,310207,,,,*,market_scene3,,partner_picture_zhugeliang_date,1,0|0,2,1,6,1,1,0|0,,,,,,,,,,,,,,,,,,,,,,,,,,,,,,,,,,,,,
310207,310208,,,,-1,market_scene3,,partner_picture_zhugeliang_date,1,0|0,0,1,6,1,1,0|0,,,,,,,,,,,,,,,,,,,,,,,,,,,,,,,,,,,,,
310208,310209,,,,*,market_scene3,,partner_picture_zhugeliang_date,1,0|0,2,1,6,1,1,0|0,,,,,,,,,,,,,,,,,,,,,,,,,,,,,,,,,,,,,
310209,-1,,,,*,market_scene3,,partner_picture_zhugeliang_date,1,0|0,2,1,6,1,1,0|0,,,,,,,,,,,,,,,,,,,,,,,,,,,,,,,,,,,,,
310210,310211,,,,-1,market_scene3,,partner_picture_zhugeliang_date,1,0|0,0,1,6,1,1,0|0,,,,,,,,,,,,,,,,,,,,,,,,,,,,,,,,,,,,,
310211,310212,,,,*,market_scene3,,partner_picture_zhugeliang_date,1,0|0,2,1,6,1,1,0|0,,,,,,,,,,,,,,,,,,,,,,,,,,,,,,,,,,,,,
310212,310213,,,,-1,market_scene3,,partner_picture_zhugeliang_date,1,0|0,0,1,6,1,1,0|0,,,,,,,,,,,,,,,,,,,,,,,,,,,,,,,,,,,,,
310213,310214,,,,*,market_scene3,,partner_picture_zhugeliang_date,1,0|0,2,1,6,1,1,0|0,,,,,,,,,,,,,,,,,,,,,,,,,,,,,,,,,,,,,
310214,-1,,,,-1,market_scene3,,partner_picture_zhugeliang_date,1,0|0,0,1,6,1,1,0|0,,,,,,,,,,,,,,,,,,,,,,,,,,,,,,,,,,,,,
310215,-1,,,,-1,market_scene3,,partner_picture_zhugeliang_date,1,0|0,0,1,6,1,1,0|0,,,,,,,,,,,,,,,,,,,,,,,,,,,,,,,,,,,,,
310301,310302,,,-1,-1,market_scene3,,,,,0,,,,,,,,,,,,,,,,,,,,,,,,,,,,,,,,,,,,,,,,,,
310302,310303,,,,*,market_scene3,,partner_picture_zhugeliang_date,1,0|0,2,1,6,1,1,0|0,,,,,,,,,,,,,,,,,,,,,,,,,,,,,,,,,,,,,
310303,310304,,,,-1,market_scene3,,,,,0,,,,,,,,,,,,,,,,,,,,,,,,,,,,,,,,,,,,,,,,,,
310304,310305,,,,-1,market_scene3,,partner_picture_zhugeliang_date,1,0|0,0,1,6,1,1,0|0,,,,,,,,,,,,,,,,,,,,,,,,,,,,,,,,,,,,,
310305,-1,,,,*,market_scene3,,partner_picture_zhugeliang_date,1,0|0,2,1,6,1,1,0|0,,,,,,,,,,,,,,,,,,,,,,,,,,,,,,,,,,,,,
310306,310307,,,,*,market_scene3,,partner_picture_zhugeliang_date,1,0|0,2,1,6,1,1,0|0,,,,,,,,,,,,,,,,,,,,,,,,,,,,,,,,,,,,,
310307,310308,,,,-1,market_scene3,,,,,0,,,,,,,,,,,,,,,,,,,,,,,,,,,,,,,,,,,,,,,,,,
310308,310309,,,,*,market_scene3,,partner_picture_zhugeliang_date,1,0|0,2,1,6,1,1,0|0,,,,,,,,,,,,,,,,,,,,,,,,,,,,,,,,,,,,,
310309,-1,,,,-1,market_scene3,,partner_picture_zhugeliang_date,1,0|0,0,1,6,1,1,0|0,,,,,,,,,,,,,,,,,,,,,,,,,,,,,,,,,,,,,
310310,310311,,,,-1,market_scene3,,partner_picture_zhugeliang_date,1,0|0,0,1,6,1,1,0|0,,,,,,,,,,,,,,,,,,,,,,,,,,,,,,,,,,,,,
310311,310312,,,,*,market_scene3,,partner_picture_zhugeliang_date,1,0|0,2,1,6,1,1,0|0,,,,,,,,,,,,,,,,,,,,,,,,,,,,,,,,,,,,,
310312,310313,,,,-1,market_scene3,,partner_picture_zhugeliang_date,1,0|0,0,1,6,1,1,0|0,,,,,,,,,,,,,,,,,,,,,,,,,,,,,,,,,,,,,
310313,310314,,,,-1,market_scene3,,,,,0,,,,,,,,,,,,,,,,,,,,,,,,,,,,,,,,,,,,,,,,,,
310314,310315,,,,*,market_scene3,,partner_picture_zhugeliang_date,1,0|0,2,1,6,1,1,0|0,,,,,,,,,,,,,,,,,,,,,,,,,,,,,,,,,,,,,
310315,-1,,,,-1,market_scene3,,partner_picture_zhugeliang_date,1,0|0,0,1,6,1,1,0|0,,,,,,,,,,,,,,,,,,,,,,,,,,,,,,,,,,,,,
310316,310317,,,,*,market_scene3,,partner_picture_zhugeliang_date,1,0|0,2,1,6,1,1,0|0,,,,,,,,,,,,,,,,,,,,,,,,,,,,,,,,,,,,,
310317,310318,,,,-1,market_scene3,,,,,0,,,,,,,,,,,,,,,,,,,,,,,,,,,,,,,,,,,,,,,,,,
310318,310319,,,,-1,market_scene3,,partner_picture_zhugeliang_date,1,0|0,0,1,6,1,1,0|0,,,,,,,,,,,,,,,,,,,,,,,,,,,,,,,,,,,,,
310319,310320,,,,-1,market_scene3,,,,,0,,,,,,,,,,,,,,,,,,,,,,,,,,,,,,,,,,,,,,,,,,
310320,310321,,,,*,market_scene3,,partner_picture_zhugeliang_date,1,0|0,2,1,6,1,1,0|0,,,,,,,,,,,,,,,,,,,,,,,,,,,,,,,,,,,,,
310321,-1,,,,-1,market_scene3,,partner_picture_zhugeliang_date,1,0|0,0,1,6,1,1,0|0,,,,,,,,,,,,,,,,,,,,,,,,,,,,,,,,,,,,,
311101,311102,,,-1,*,bg_hot_spring_leaf,,partner_picture_zhugeliang_date,1,0|0,2,1,6,1,1,0|0,,,,,,,,,,,,,,,,,,,,,,,,,,,,,,,,,,,,,
311102,311103,,,,-1,bg_hot_spring_leaf,,partner_picture_zhugeliang_date,1,0|0,0,1,6,1,1,0|0,,,,,,,,,,,,,,,,,,,,,,,,,,,,,,,,,,,,,
311103,-1,,,,-1,bg_hot_spring_leaf,,partner_picture_zhugeliang_date,1,0|0,0,1,6,1,1,0|0,,,,,,,,,,,,,,,,,,,,,,,,,,,,,,,,,,,,,
311104,311105,,,,*,bg_hot_spring_leaf,,partner_picture_zhugeliang_date,1,0|0,2,1,6,1,1,0|0,,,,,,,,,,,,,,,,,,,,,,,,,,,,,,,,,,,,,
311105,311106,,,,-1,bg_hot_spring_leaf,,partner_picture_zhugeliang_date,1,0|0,0,1,6,1,1,0|0,,,,,,,,,,,,,,,,,,,,,,,,,,,,,,,,,,,,,
311106,311107,,,,*,bg_hot_spring_leaf,,partner_picture_zhugeliang_date,1,0|0,2,1,6,1,1,0|0,,,,,,,,,,,,,,,,,,,,,,,,,,,,,,,,,,,,,
311107,-1,,,,-1,bg_hot_spring_leaf,,partner_picture_zhugeliang_date,1,0|0,0,1,6,1,1,0|0,,,,,,,,,,,,,,,,,,,,,,,,,,,,,,,,,,,,,
311108,311109,,,,*,bg_hot_spring_leaf,,partner_picture_zhugeliang_date,1,0|0,2,1,6,1,1,0|0,,,,,,,,,,,,,,,,,,,,,,,,,,,,,,,,,,,,,
311109,-1,,,,-1,bg_hot_spring_leaf,,partner_picture_zhugeliang_date,1,0|0,0,1,6,1,1,0|0,,,,,,,,,,,,,,,,,,,,,,,,,,,,,,,,,,,,,
311110,311111,,,,*,bg_hot_spring_leaf,,partner_picture_zhugeliang_date,1,0|0,2,1,6,1,1,0|0,,,,,,,,,,,,,,,,,,,,,,,,,,,,,,,,,,,,,
311111,-1,,,,-1,bg_hot_spring_leaf,,partner_picture_zhugeliang_date,1,0|0,0,1,6,1,1,0|0,,,,,,,,,,,,,,,,,,,,,,,,,,,,,,,,,,,,,
311201,311202,,,-1,*,bg_hot_spring_leaf,,partner_picture_zhugeliang_date,1,0|0,2,1,6,1,1,0|0,,,,,,,,,,,,,,,,,,,,,,,,,,,,,,,,,,,,,
311202,-1,,,,-1,bg_hot_spring_leaf,,partner_picture_zhugeliang_date,1,0|0,0,1,6,1,1,0|0,,,,,,,,,,,,,,,,,,,,,,,,,,,,,,,,,,,,,
311203,311204,,,,*,bg_hot_spring_leaf,,partner_picture_zhugeliang_date,1,0|0,2,1,6,1,1,0|0,,,,,,,,,,,,,,,,,,,,,,,,,,,,,,,,,,,,,
311204,311205,,,,-1,bg_hot_spring_leaf,,partner_picture_zhugeliang_date,1,0|0,0,1,6,1,1,0|0,,,,,,,,,,,,,,,,,,,,,,,,,,,,,,,,,,,,,
311205,-1,,,,*,bg_hot_spring_leaf,,partner_picture_zhugeliang_date,1,0|0,2,1,6,1,1,0|0,,,,,,,,,,,,,,,,,,,,,,,,,,,,,,,,,,,,,
311206,311207,,,,*,bg_hot_spring_leaf,,partner_picture_zhugeliang_date,1,0|0,2,1,6,1,1,0|0,,,,,,,,,,,,,,,,,,,,,,,,,,,,,,,,,,,,,
311207,311208,,,,-1,bg_hot_spring_leaf,,partner_picture_zhugeliang_date,1,0|0,0,1,6,1,1,0|0,,,,,,,,,,,,,,,,,,,,,,,,,,,,,,,,,,,,,
311208,311209,,,,*,bg_hot_spring_leaf,,partner_picture_zhugeliang_date,1,0|0,2,1,6,1,1,0|0,,,,,,,,,,,,,,,,,,,,,,,,,,,,,,,,,,,,,
311209,-1,,,,-1,bg_hot_spring_leaf,,partner_picture_zhugeliang_date,1,0|0,0,1,6,1,1,0|0,,,,,,,,,,,,,,,,,,,,,,,,,,,,,,,,,,,,,
311210,311211,,,,*,bg_hot_spring_leaf,,partner_picture_zhugeliang_date,1,0|0,2,1,6,1,1,0|0,,,,,,,,,,,,,,,,,,,,,,,,,,,,,,,,,,,,,
311211,-1,,,,-1,bg_hot_spring_leaf,,partner_picture_zhugeliang_date,1,0|0,0,1,6,1,1,0|0,,,,,,,,,,,,,,,,,,,,,,,,,,,,,,,,,,,,,
311301,311302,,,-1,-1,bg_hot_spring_leaf,,,,,0,,,,,,,,,,,,,,,,,,,,,,,,,,,,,,,,,,,,,,,,,,
311302,311303,,,,-1,bg_hot_spring_leaf,,partner_picture_zhugeliang_date,1,0|0,0,1,6,1,1,0|0,,,,,,,,,,,,,,,,,,,,,,,,,,,,,,,,,,,,,
311303,311304,,,,,bg_hot_spring_leaf,,,,,1,,,,,,,,,,,,,,,,,,,,,,,,,,,,,,,,,,,,,,,,,,
311304,-1,,,,-1,bg_hot_spring_leaf,,partner_picture_zhugeliang_date,1,0|0,0,1,6,1,1,0|0,,,,,,,,,,,,,,,,,,,,,,,,,,,,,,,,,,,,,
311305,311306,,,,*,bg_hot_spring_leaf,,partner_picture_zhugeliang_date,1,0|0,2,1,6,1,1,0|0,,,,,,,,,,,,,,,,,,,,,,,,,,,,,,,,,,,,,
311306,311307,,,,-1,bg_hot_spring_leaf,,partner_picture_zhugeliang_date,1,0|0,0,1,6,1,1,0|0,,,,,,,,,,,,,,,,,,,,,,,,,,,,,,,,,,,,,
311307,311308,,,,*,bg_hot_spring_leaf,,partner_picture_zhugeliang_date,1,0|0,2,1,6,1,1,0|0,,,,,,,,,,,,,,,,,,,,,,,,,,,,,,,,,,,,,
311308,-1,,,,-1,bg_hot_spring_leaf,,partner_picture_zhugeliang_date,1,0|0,0,1,6,1,1,0|0,,,,,,,,,,,,,,,,,,,,,,,,,,,,,,,,,,,,,
311309,311310,,,,-1,bg_hot_spring_leaf,,partner_picture_zhugeliang_date,1,0|0,0,1,6,1,1,0|0,,,,,,,,,,,,,,,,,,,,,,,,,,,,,,,,,,,,,
311310,311311,,,,*,bg_hot_spring_leaf,,partner_picture_zhugeliang_date,1,0|0,2,1,6,1,1,0|0,,,,,,,,,,,,,,,,,,,,,,,,,,,,,,,,,,,,,
311311,-1,,,,-1,bg_hot_spring_leaf,,partner_picture_zhugeliang_date,1,0|0,0,1,6,1,1,0|0,,,,,,,,,,,,,,,,,,,,,,,,,,,,,,,,,,,,,
311312,311313,,,,*,bg_hot_spring_leaf,,partner_picture_zhugeliang_date,1,0|0,2,1,6,1,1,0|0,,,,,,,,,,,,,,,,,,,,,,,,,,,,,,,,,,,,,
311313,311314,,,,-1,bg_hot_spring_leaf,,partner_picture_zhugeliang_date,1,0|0,0,1,6,1,1,0|0,,,,,,,,,,,,,,,,,,,,,,,,,,,,,,,,,,,,,
311314,-1,,,,*,bg_hot_spring_leaf,,partner_picture_zhugeliang_date,1,0|0,2,1,6,1,1,0|0,,,,,,,,,,,,,,,,,,,,,,,,,,,,,,,,,,,,,
312101,312102,,,-1,*,date_scene,,partner_picture_zhugeliang_date,1,0|0,2,1,6,1,1,0|0,,,,,,,,,,,,,,,,,,,,,,,,,,,,,,,,,,,,,
312102,312103,,,,-1,date_scene,,partner_picture_zhugeliang_date,1,0|0,0,1,6,1,1,0|0,,,,,,,,,,,,,,,,,,,,,,,,,,,,,,,,,,,,,
312103,312104,,,,*,date_scene,,partner_picture_zhugeliang_date,1,0|0,2,1,6,1,1,0|0,,,,,,,,,,,,,,,,,,,,,,,,,,,,,,,,,,,,,
312104,312105,,,,*,date_scene,,partner_picture_zhugeliang_date,1,0|0,2,1,6,1,1,0|0,,,,,,,,,,,,,,,,,,,,,,,,,,,,,,,,,,,,,
312105,-1,,,,-1,date_scene,,partner_picture_zhugeliang_date,1,0|0,0,1,6,1,1,0|0,,,,,,,,,,,,,,,,,,,,,,,,,,,,,,,,,,,,,
312106,312107,,,,*,date_scene,,partner_picture_zhugeliang_date,1,0|0,2,1,6,1,1,0|0,,,,,,,,,,,,,,,,,,,,,,,,,,,,,,,,,,,,,
312107,-1,,,,-1,date_scene,,partner_picture_zhugeliang_date,1,0|0,0,1,6,1,1,0|0,,,,,,,,,,,,,,,,,,,,,,,,,,,,,,,,,,,,,
312108,312109,,,,*,date_scene,,partner_picture_zhugeliang_date,1,0|0,2,1,6,1,1,0|0,,,,,,,,,,,,,,,,,,,,,,,,,,,,,,,,,,,,,
312109,312110,,,,-1,date_scene,,partner_picture_zhugeliang_date,1,0|0,0,1,6,1,1,0|0,,,,,,,,,,,,,,,,,,,,,,,,,,,,,,,,,,,,,
312110,312111,,,,*,date_scene,,partner_picture_zhugeliang_date,1,0|0,2,1,6,1,1,0|0,,,,,,,,,,,,,,,,,,,,,,,,,,,,,,,,,,,,,
312111,-1,,,,-1,date_scene,,partner_picture_zhugeliang_date,1,0|0,0,1,6,1,1,0|0,,,,,,,,,,,,,,,,,,,,,,,,,,,,,,,,,,,,,
312112,312113,,,,*,date_scene,,partner_picture_zhugeliang_date,1,0|0,2,1,6,1,1,0|0,,,,,,,,,,,,,,,,,,,,,,,,,,,,,,,,,,,,,
312113,-1,,,,-1,date_scene,,partner_picture_zhugeliang_date,1,0|0,0,1,6,1,1,0|0,,,,,,,,,,,,,,,,,,,,,,,,,,,,,,,,,,,,,
312201,312202,,,-1,-1,date_scene,,,,,0,,,,,,,,,,,,,,,,,,,,,,,,,,,,,,,,,,,,,,,,,,
312202,312203,,,,*,date_scene,,partner_picture_zhugeliang_date,1,0|0,2,1,6,1,1,0|0,,,,,,,,,,,,,,,,,,,,,,,,,,,,,,,,,,,,,
312203,-1,,,,-1,date_scene,,,,,0,,,,,,,,,,,,,,,,,,,,,,,,,,,,,,,,,,,,,,,,,,
312204,312205,,,,*,date_scene,,partner_picture_zhugeliang_date,1,0|0,2,1,6,1,1,0|0,,,,,,,,,,,,,,,,,,,,,,,,,,,,,,,,,,,,,
312205,-1,,,,-1,date_scene,,partner_picture_zhugeliang_date,1,0|0,0,1,6,1,1,0|0,,,,,,,,,,,,,,,,,,,,,,,,,,,,,,,,,,,,,
312206,-1,,,,-1,date_scene,,partner_picture_zhugeliang_date,1,0|0,0,1,6,1,1,0|0,,,,,,,,,,,,,,,,,,,,,,,,,,,,,,,,,,,,,
312207,312208,,,,*,date_scene,,partner_picture_zhugeliang_date,1,0|0,2,1,6,1,1,0|0,,,,,,,,,,,,,,,,,,,,,,,,,,,,,,,,,,,,,
312208,312209,,,,-1,date_scene,,partner_picture_zhugeliang_date,1,0|0,0,1,6,1,1,0|0,,,,,,,,,,,,,,,,,,,,,,,,,,,,,,,,,,,,,
312209,-1,,,,*,date_scene,,partner_picture_zhugeliang_date,1,0|0,2,1,6,1,1,0|0,,,,,,,,,,,,,,,,,,,,,,,,,,,,,,,,,,,,,
312301,312302,,,-1,*,date_scene,,partner_picture_zhugeliang_date,1,0|0,2,1,6,1,1,0|0,,,,,,,,,,,,,,,,,,,,,,,,,,,,,,,,,,,,,
312302,312303,,,,-1,date_scene,,,,,0,,,,,,,,,,,,,,,,,,,,,,,,,,,,,,,,,,,,,,,,,,
312303,312304,,,,-1,date_scene,,partner_picture_zhugeliang_date,1,0|0,0,1,6,1,1,0|0,,,,,,,,,,,,,,,,,,,,,,,,,,,,,,,,,,,,,
312304,-1,,,,-1,date_scene,,,,,0,,,,,,,,,,,,,,,,,,,,,,,,,,,,,,,,,,,,,,,,,,
312305,312306,,,,*,date_scene,,partner_picture_zhugeliang_date,1,0|0,2,1,6,1,1,0|0,,,,,,,,,,,,,,,,,,,,,,,,,,,,,,,,,,,,,
312306,-1,,,,-1,date_scene,,partner_picture_zhugeliang_date,1,0|0,0,1,6,1,1,0|0,,,,,,,,,,,,,,,,,,,,,,,,,,,,,,,,,,,,,
312307,312308,,,,*,date_scene,,partner_picture_zhugeliang_date,1,0|0,2,1,6,1,1,0|0,,,,,,,,,,,,,,,,,,,,,,,,,,,,,,,,,,,,,
312308,312309,,,,-1,date_scene,,partner_picture_zhugeliang_date,1,0|0,0,1,6,1,1,0|0,,,,,,,,,,,,,,,,,,,,,,,,,,,,,,,,,,,,,
312309,-1,,,,*,date_scene,,partner_picture_zhugeliang_date,1,0|0,2,1,6,1,1,0|0,,,,,,,,,,,,,,,,,,,,,,,,,,,,,,,,,,,,,
312310,312311,,,,*,date_scene,,partner_picture_zhugeliang_date,1,0|0,2,1,6,1,1,0|0,,,,,,,,,,,,,,,,,,,,,,,,,,,,,,,,,,,,,
312311,312312,,,,*,date_scene,,partner_picture_zhugeliang_date,1,0|0,2,1,6,1,1,0|0,,,,,,,,,,,,,,,,,,,,,,,,,,,,,,,,,,,,,
312312,-1,,,,-1,date_scene,,partner_picture_zhugeliang_date,1,0|0,0,1,6,1,1,0|0,,,,,,,,,,,,,,,,,,,,,,,,,,,,,,,,,,,,,
313101,313102,,,-1,-1,xunlianchang,,,,,0,,,,,,,,,,,,,,,,,,,,,,,,,,,,,,,,,,,,,,,,,,
313102,313103,,,,*,xunlianchang,,partner_picture_zhugeliang_date,1,0|0,2,1,6,1,1,0|0,,,,,,,,,,,,,,,,,,,,,,,,,,,,,,,,,,,,,
313103,-1,,,,-1,xunlianchang,,,,,0,,,,,,,,,,,,,,,,,,,,,,,,,,,,,,,,,,,,,,,,,,
313104,313105,,,,*,xunlianchang,,partner_picture_zhugeliang_date,1,0|0,2,1,6,1,1,0|0,,,,,,,,,,,,,,,,,,,,,,,,,,,,,,,,,,,,,
313105,-1,,,,-1,xunlianchang,,partner_picture_zhugeliang_date,1,0|0,0,1,6,1,1,0|0,,,,,,,,,,,,,,,,,,,,,,,,,,,,,,,,,,,,,
313106,313107,,,,-1,xunlianchang,,partner_picture_zhugeliang_date,1,0|0,0,1,6,1,1,0|0,,,,,,,,,,,,,,,,,,,,,,,,,,,,,,,,,,,,,
313107,313108,,,,*,xunlianchang,,partner_picture_zhugeliang_date,1,0|0,2,1,6,1,1,0|0,,,,,,,,,,,,,,,,,,,,,,,,,,,,,,,,,,,,,
313108,-1,,,,-1,xunlianchang,,partner_picture_zhugeliang_date,1,0|0,0,1,6,1,1,0|0,,,,,,,,,,,,,,,,,,,,,,,,,,,,,,,,,,,,,
313109,313110,,,,-1,xunlianchang,,partner_picture_zhugeliang_date,1,0|0,0,1,6,1,1,0|0,,,,,,,,,,,,,,,,,,,,,,,,,,,,,,,,,,,,,
313110,313111,,,,*,xunlianchang,,partner_picture_zhugeliang_date,1,0|0,2,1,6,1,1,0|0,,,,,,,,,,,,,,,,,,,,,,,,,,,,,,,,,,,,,
313111,-1,,,,-1,xunlianchang,,partner_picture_zhugeliang_date,1,0|0,0,1,6,1,1,0|0,,,,,,,,,,,,,,,,,,,,,,,,,,,,,,,,,,,,,
313201,313202,,,-1,*,xunlianchang,,partner_picture_zhugeliang_date,1,0|0,2,1,6,1,1,0|0,,,,,,,,,,,,,,,,,,,,,,,,,,,,,,,,,,,,,
313202,313203,,,,-1,xunlianchang,,partner_picture_zhugeliang_date,1,0|0,0,1,6,1,1,0|0,,,,,,,,,,,,,,,,,,,,,,,,,,,,,,,,,,,,,
313203,313204,,,,*,xunlianchang,,partner_picture_zhugeliang_date,1,0|0,2,1,6,1,1,0|0,,,,,,,,,,,,,,,,,,,,,,,,,,,,,,,,,,,,,
313204,313205,,,,-1,xunlianchang,,partner_picture_zhugeliang_date,1,0|0,0,1,6,1,1,0|0,,,,,,,,,,,,,,,,,,,,,,,,,,,,,,,,,,,,,
313205,-1,,,,*,xunlianchang,,partner_picture_zhugeliang_date,1,0|0,2,1,6,1,1,0|0,,,,,,,,,,,,,,,,,,,,,,,,,,,,,,,,,,,,,
313206,313207,,,,*,xunlianchang,,partner_picture_zhugeliang_date,1,0|0,2,1,6,1,1,0|0,,,,,,,,,,,,,,,,,,,,,,,,,,,,,,,,,,,,,
313207,-1,,,,-1,xunlianchang,,partner_picture_zhugeliang_date,1,0|0,0,1,6,1,1,0|0,,,,,,,,,,,,,,,,,,,,,,,,,,,,,,,,,,,,,
313208,313209,,,,*,xunlianchang,,partner_picture_zhugeliang_date,1,0|0,2,1,6,1,1,0|0,,,,,,,,,,,,,,,,,,,,,,,,,,,,,,,,,,,,,
313209,-1,,,,-1,xunlianchang,,partner_picture_zhugeliang_date,1,0|0,0,1,6,1,1,0|0,,,,,,,,,,,,,,,,,,,,,,,,,,,,,,,,,,,,,
313210,313211,,,,*,xunlianchang,,partner_picture_zhugeliang_date,1,0|0,2,1,6,1,1,0|0,,,,,,,,,,,,,,,,,,,,,,,,,,,,,,,,,,,,,
313211,313212,,,,-1,xunlianchang,,partner_picture_zhugeliang_date,1,0|0,0,1,6,1,1,0|0,,,,,,,,,,,,,,,,,,,,,,,,,,,,,,,,,,,,,
313212,-1,,,,*,xunlianchang,,partner_picture_zhugeliang_date,1,0|0,2,1,6,1,1,0|0,,,,,,,,,,,,,,,,,,,,,,,,,,,,,,,,,,,,,
313301,313302,,,-1,-1,xunlianchang,,partner_picture_zhugeliang_date,1,0|0,0,1,6,1,1,0|0,,,,,,,,,,,,,,,,,,,,,,,,,,,,,,,,,,,,,
313302,313303,,,,*,xunlianchang,,partner_picture_zhugeliang_date,1,0|0,2,1,6,1,1,0|0,,,,,,,,,,,,,,,,,,,,,,,,,,,,,,,,,,,,,
313303,-1,,,,-1,xunlianchang,,partner_picture_zhugeliang_date,1,0|0,0,1,6,1,1,0|0,,,,,,,,,,,,,,,,,,,,,,,,,,,,,,,,,,,,,
313304,313305,,,,*,xunlianchang,,partner_picture_zhugeliang_date,1,0|0,2,1,6,1,1,0|0,,,,,,,,,,,,,,,,,,,,,,,,,,,,,,,,,,,,,
313305,-1,,,,-1,xunlianchang,,partner_picture_zhugeliang_date,1,0|0,0,1,6,1,1,0|0,,,,,,,,,,,,,,,,,,,,,,,,,,,,,,,,,,,,,
313306,313307,,,,*,xunlianchang,,partner_picture_zhugeliang_date,1,0|0,2,1,6,1,1,0|0,,,,,,,,,,,,,,,,,,,,,,,,,,,,,,,,,,,,,
313307,313308,,,,-1,xunlianchang,,partner_picture_zhugeliang_date,1,0|0,0,1,6,1,1,0|0,,,,,,,,,,,,,,,,,,,,,,,,,,,,,,,,,,,,,
313308,-1,,,,*,xunlianchang,,partner_picture_zhugeliang_date,1,0|0,2,1,6,1,1,0|0,,,,,,,,,,,,,,,,,,,,,,,,,,,,,,,,,,,,,
313309,313310,,,,*,xunlianchang,,partner_picture_zhugeliang_date,1,0|0,2,1,6,1,1,0|0,,,,,,,,,,,,,,,,,,,,,,,,,,,,,,,,,,,,,
313310,313311,,,,,xunlianchang,,,,,1,,,,,,,,,,,,,,,,,,,,,,,,,,,,,,,,,,,,,,,,,,
313311,313312,,,,*,xunlianchang,,partner_picture_zhugeliang_date,1,0|0,2,1,6,1,1,0|0,,,,,,,,,,,,,,,,,,,,,,,,,,,,,,,,,,,,,
313312,-1,,,,-1,xunlianchang,,partner_picture_zhugeliang_date,1,0|0,0,1,6,1,1,0|0,,,,,,,,,,,,,,,,,,,,,,,,,,,,,,,,,,,,,
314101,314102,,,-1,-1,cherry_tree,,partner_picture_zhugeliang_date,1,0|0,0,1,6,1,1,0|0,,,,,,,,,,,,,,,,,,,,,,,,,,,,,,,,,,,,,
314102,-1,,,,*,cherry_tree,,partner_picture_zhugeliang_date,1,0|0,2,1,6,1,1,0|0,,,,,,,,,,,,,,,,,,,,,,,,,,,,,,,,,,,,,
314103,314104,,,,*,cherry_tree,,partner_picture_zhugeliang_date,1,0|0,2,1,6,1,1,0|0,,,,,,,,,,,,,,,,,,,,,,,,,,,,,,,,,,,,,
314104,314105,,,,-1,cherry_tree,,partner_picture_zhugeliang_date,1,0|0,0,1,6,1,1,0|0,,,,,,,,,,,,,,,,,,,,,,,,,,,,,,,,,,,,,
314105,314106,,,,*,cherry_tree,,partner_picture_zhugeliang_date,1,0|0,2,1,6,1,1,0|0,,,,,,,,,,,,,,,,,,,,,,,,,,,,,,,,,,,,,
314106,-1,,,,-1,cherry_tree,,partner_picture_zhugeliang_date,1,0|0,0,1,6,1,1,0|0,,,,,,,,,,,,,,,,,,,,,,,,,,,,,,,,,,,,,
314107,314108,,,,-1,cherry_tree,,partner_picture_zhugeliang_date,1,0|0,0,1,6,1,1,0|0,,,,,,,,,,,,,,,,,,,,,,,,,,,,,,,,,,,,,
314108,314109,,,,*,cherry_tree,,partner_picture_zhugeliang_date,1,0|0,2,1,6,1,1,0|0,,,,,,,,,,,,,,,,,,,,,,,,,,,,,,,,,,,,,
314109,314110,,,,-1,cherry_tree,,partner_picture_zhugeliang_date,1,0|0,0,1,6,1,1,0|0,,,,,,,,,,,,,,,,,,,,,,,,,,,,,,,,,,,,,
314110,314111,,,,*,cherry_tree,,partner_picture_zhugeliang_date,1,0|0,2,1,6,1,1,0|0,,,,,,,,,,,,,,,,,,,,,,,,,,,,,,,,,,,,,
314111,-1,,,,-1,cherry_tree,,partner_picture_zhugeliang_date,1,0|0,0,1,6,1,1,0|0,,,,,,,,,,,,,,,,,,,,,,,,,,,,,,,,,,,,,
314112,314113,,,,-1,cherry_tree,,partner_picture_zhugeliang_date,1,0|0,0,1,6,1,1,0|0,,,,,,,,,,,,,,,,,,,,,,,,,,,,,,,,,,,,,
314113,314114,,,,*,cherry_tree,,partner_picture_zhugeliang_date,1,0|0,2,1,6,1,1,0|0,,,,,,,,,,,,,,,,,,,,,,,,,,,,,,,,,,,,,
314114,314115,,,,-1,cherry_tree,,partner_picture_zhugeliang_date,1,0|0,0,1,6,1,1,0|0,,,,,,,,,,,,,,,,,,,,,,,,,,,,,,,,,,,,,
314115,314116,,,,*,cherry_tree,,partner_picture_zhugeliang_date,1,0|0,2,1,6,1,1,0|0,,,,,,,,,,,,,,,,,,,,,,,,,,,,,,,,,,,,,
314116,-1,,,,-1,cherry_tree,,partner_picture_zhugeliang_date,1,0|0,0,1,6,1,1,0|0,,,,,,,,,,,,,,,,,,,,,,,,,,,,,,,,,,,,,
314201,314202,,,-1,-1,cherry_tree,,,,,0,,,,,,,,,,,,,,,,,,,,,,,,,,,,,,,,,,,,,,,,,,
314202,314203,,,,-1,cherry_tree,,partner_picture_zhugeliang_date,1,0|0,0,1,6,1,1,0|0,,,,,,,,,,,,,,,,,,,,,,,,,,,,,,,,,,,,,
314203,314204,,,,*,cherry_tree,,partner_picture_zhugeliang_date,1,0|0,2,1,6,1,1,0|0,,,,,,,,,,,,,,,,,,,,,,,,,,,,,,,,,,,,,
314204,-1,,,,-1,cherry_tree,,partner_picture_zhugeliang_date,1,0|0,0,1,6,1,1,0|0,,,,,,,,,,,,,,,,,,,,,,,,,,,,,,,,,,,,,
314205,314206,,,,*,cherry_tree,,partner_picture_zhugeliang_date,1,0|0,2,1,6,1,1,0|0,,,,,,,,,,,,,,,,,,,,,,,,,,,,,,,,,,,,,
314206,314207,,,,-1,cherry_tree,,partner_picture_zhugeliang_date,1,0|0,0,1,6,1,1,0|0,,,,,,,,,,,,,,,,,,,,,,,,,,,,,,,,,,,,,
314207,314208,,,,*,cherry_tree,,partner_picture_zhugeliang_date,1,0|0,2,1,6,1,1,0|0,,,,,,,,,,,,,,,,,,,,,,,,,,,,,,,,,,,,,
314208,-1,,,,-1,cherry_tree,,partner_picture_zhugeliang_date,1,0|0,0,1,6,1,1,0|0,,,,,,,,,,,,,,,,,,,,,,,,,,,,,,,,,,,,,
314209,314210,,,,*,cherry_tree,,partner_picture_zhugeliang_date,1,0|0,2,1,6,1,1,0|0,,,,,,,,,,,,,,,,,,,,,,,,,,,,,,,,,,,,,
314210,314211,,,,-1,cherry_tree,,partner_picture_zhugeliang_date,1,0|0,0,1,6,1,1,0|0,,,,,,,,,,,,,,,,,,,,,,,,,,,,,,,,,,,,,
314211,-1,,,,*,cherry_tree,,partner_picture_zhugeliang_date,1,0|0,2,1,6,1,1,0|0,,,,,,,,,,,,,,,,,,,,,,,,,,,,,,,,,,,,,
314212,314213,,,,*,cherry_tree,,partner_picture_zhugeliang_date,1,0|0,2,1,6,1,1,0|0,,,,,,,,,,,,,,,,,,,,,,,,,,,,,,,,,,,,,
314213,314214,,,,-1,cherry_tree,,partner_picture_zhugeliang_date,1,0|0,0,1,6,1,1,0|0,,,,,,,,,,,,,,,,,,,,,,,,,,,,,,,,,,,,,
314214,-1,,,,*,cherry_tree,,partner_picture_zhugeliang_date,1,0|0,2,1,6,1,1,0|0,,,,,,,,,,,,,,,,,,,,,,,,,,,,,,,,,,,,,
314301,314302,,,-1,-1,cherry_tree,,,,,0,,,,,,,,,,,,,,,,,,,,,,,,,,,,,,,,,,,,,,,,,,
314302,314303,,,,*,cherry_tree,,partner_picture_zhugeliang_date,1,0|0,2,1,6,1,1,0|0,,,,,,,,,,,,,,,,,,,,,,,,,,,,,,,,,,,,,
314303,314304,,,,-1,cherry_tree,,,,,0,,,,,,,,,,,,,,,,,,,,,,,,,,,,,,,,,,,,,,,,,,
314304,314305,,,,-1,cherry_tree,,partner_picture_zhugeliang_date,1,0|0,0,1,6,1,1,0|0,,,,,,,,,,,,,,,,,,,,,,,,,,,,,,,,,,,,,
314305,-1,,,,-1,cherry_tree,,,,,0,,,,,,,,,,,,,,,,,,,,,,,,,,,,,,,,,,,,,,,,,,
314306,314307,,,,*,cherry_tree,,partner_picture_zhugeliang_date,1,0|0,2,1,6,1,1,0|0,,,,,,,,,,,,,,,,,,,,,,,,,,,,,,,,,,,,,
314307,314308,,,,-1,cherry_tree,,,,,0,,,,,,,,,,,,,,,,,,,,,,,,,,,,,,,,,,,,,,,,,,
314308,314309,,,,*,cherry_tree,,partner_picture_zhugeliang_date,1,0|0,2,1,6,1,1,0|0,,,,,,,,,,,,,,,,,,,,,,,,,,,,,,,,,,,,,
314309,314310,,,,-1,cherry_tree,,,,,0,,,,,,,,,,,,,,,,,,,,,,,,,,,,,,,,,,,,,,,,,,
314310,314311,,,,*,cherry_tree,,partner_picture_zhugeliang_date,1,0|0,2,1,6,1,1,0|0,,,,,,,,,,,,,,,,,,,,,,,,,,,,,,,,,,,,,
314311,-1,,,,-1,cherry_tree,,partner_picture_zhugeliang_date,1,0|0,0,1,6,1,1,0|0,,,,,,,,,,,,,,,,,,,,,,,,,,,,,,,,,,,,,
314312,314313,,,,*,cherry_tree,,partner_picture_zhugeliang_date,1,0|0,2,1,6,1,1,0|0,,,,,,,,,,,,,,,,,,,,,,,,,,,,,,,,,,,,,
314313,314314,,,,-1,cherry_tree,,,,,0,,,,,,,,,,,,,,,,,,,,,,,,,,,,,,,,,,,,,,,,,,
314314,314315,,,,-1,cherry_tree,,partner_picture_zhugeliang_date,1,0|0,0,1,6,1,1,0|0,,,,,,,,,,,,,,,,,,,,,,,,,,,,,,,,,,,,,
314315,-1,,,,-1,cherry_tree,,,,,0,,,,,,,,,,,,,,,,,,,,,,,,,,,,,,,,,,,,,,,,,,
314316,-1,,,,-1,cherry_tree,,partner_picture_zhugeliang_date,1,0|0,0,1,6,1,1,0|0,,,,,,,,,,,,,,,,,,,,,,,,,,,,,,,,,,,,,
315101,315102,,,-1,*,summer_festivity,,partner_picture_zhugeliang_date,1,0|0,2,1,6,1,1,0|0,,,,,,,,,,,,,,,,,,,,,,,,,,,,,,,,,,,,,
315102,315103,,,,-1,summer_festivity,,partner_picture_zhugeliang_date,1,0|0,0,1,6,1,1,0|0,,,,,,,,,,,,,,,,,,,,,,,,,,,,,,,,,,,,,
315103,-1,,,,*,summer_festivity,,partner_picture_zhugeliang_date,1,0|0,2,1,6,1,1,0|0,,,,,,,,,,,,,,,,,,,,,,,,,,,,,,,,,,,,,
315104,315105,,,,-1,summer_festivity,,partner_picture_zhugeliang_date,1,0|0,0,1,6,1,1,0|0,,,,,,,,,,,,,,,,,,,,,,,,,,,,,,,,,,,,,
315105,-1,,,,*,summer_festivity,,partner_picture_zhugeliang_date,1,0|0,2,1,6,1,1,0|0,,,,,,,,,,,,,,,,,,,,,,,,,,,,,,,,,,,,,
315106,315107,,,,*,summer_festivity,,partner_picture_zhugeliang_date,1,0|0,2,1,6,1,1,0|0,,,,,,,,,,,,,,,,,,,,,,,,,,,,,,,,,,,,,
315107,-1,,,,-1,summer_festivity,,partner_picture_zhugeliang_date,1,0|0,0,1,6,1,1,0|0,,,,,,,,,,,,,,,,,,,,,,,,,,,,,,,,,,,,,
315108,315109,,,,*,summer_festivity,,partner_picture_zhugeliang_date,1,0|0,2,1,6,1,1,0|0,,,,,,,,,,,,,,,,,,,,,,,,,,,,,,,,,,,,,
315109,-1,,,,-1,summer_festivity,,partner_picture_zhugeliang_date,1,0|0,0,1,6,1,1,0|0,,,,,,,,,,,,,,,,,,,,,,,,,,,,,,,,,,,,,
315201,315202,,,-1,,summer_festivity,,,,,1,,,,,,,,,,,,,,,,,,,,,,,,,,,,,,,,,,,,,,,,,,
315202,315203,,,,*,summer_festivity,,partner_picture_zhugeliang_date,1,0|0,2,1,6,1,1,0|0,,,,,,,,,,,,,,,,,,,,,,,,,,,,,,,,,,,,,
315203,315204,,,,-1,summer_festivity,,partner_picture_zhugeliang_date,1,0|0,0,1,6,1,1,0|0,,,,,,,,,,,,,,,,,,,,,,,,,,,,,,,,,,,,,
315204,315205,,,,*,summer_festivity,,partner_picture_zhugeliang_date,1,0|0,2,1,6,1,1,0|0,,,,,,,,,,,,,,,,,,,,,,,,,,,,,,,,,,,,,
315205,-1,,,,-1,summer_festivity,,partner_picture_zhugeliang_date,1,0|0,0,1,6,1,1,0|0,,,,,,,,,,,,,,,,,,,,,,,,,,,,,,,,,,,,,
315206,315207,,,,-1,summer_festivity,,partner_picture_zhugeliang_date,1,0|0,0,1,6,1,1,0|0,,,,,,,,,,,,,,,,,,,,,,,,,,,,,,,,,,,,,
315207,315208,,,,*,summer_festivity,,partner_picture_zhugeliang_date,1,0|0,2,1,6,1,1,0|0,,,,,,,,,,,,,,,,,,,,,,,,,,,,,,,,,,,,,
315208,-1,,,,-1,summer_festivity,,partner_picture_zhugeliang_date,1,0|0,0,1,6,1,1,0|0,,,,,,,,,,,,,,,,,,,,,,,,,,,,,,,,,,,,,
315209,315210,,,,*,summer_festivity,,partner_picture_zhugeliang_date,1,0|0,2,1,6,1,1,0|0,,,,,,,,,,,,,,,,,,,,,,,,,,,,,,,,,,,,,
315210,-1,,,,-1,summer_festivity,,partner_picture_zhugeliang_date,1,0|0,0,1,6,1,1,0|0,,,,,,,,,,,,,,,,,,,,,,,,,,,,,,,,,,,,,
315211,315212,,,,*,summer_festivity,,partner_picture_zhugeliang_date,1,0|0,2,1,6,1,1,0|0,,,,,,,,,,,,,,,,,,,,,,,,,,,,,,,,,,,,,
315212,315213,,,,-1,summer_festivity,,partner_picture_zhugeliang_date,1,0|0,0,1,6,1,1,0|0,,,,,,,,,,,,,,,,,,,,,,,,,,,,,,,,,,,,,
315213,-1,,,,*,summer_festivity,,partner_picture_zhugeliang_date,1,0|0,2,1,6,1,1,0|0,,,,,,,,,,,,,,,,,,,,,,,,,,,,,,,,,,,,,
315301,315302,,,-1,*,summer_festivity,,partner_picture_zhugeliang_date,1,0|0,2,1,6,1,1,0|0,,,,,,,,,,,,,,,,,,,,,,,,,,,,,,,,,,,,,
315302,315303,,,,-1,summer_festivity,,partner_picture_zhugeliang_date,1,0|0,0,1,6,1,1,0|0,,,,,,,,,,,,,,,,,,,,,,,,,,,,,,,,,,,,,
315303,315304,,,,*,summer_festivity,,partner_picture_zhugeliang_date,1,0|0,2,1,6,1,1,0|0,,,,,,,,,,,,,,,,,,,,,,,,,,,,,,,,,,,,,
315304,-1,,,,-1,summer_festivity,,partner_picture_zhugeliang_date,1,0|0,0,1,6,1,1,0|0,,,,,,,,,,,,,,,,,,,,,,,,,,,,,,,,,,,,,
315305,-1,,,,-1,summer_festivity,,partner_picture_zhugeliang_date,1,0|0,0,1,6,1,1,0|0,,,,,,,,,,,,,,,,,,,,,,,,,,,,,,,,,,,,,
315306,315307,,,,-1,summer_festivity,,partner_picture_zhugeliang_date,1,0|0,0,1,6,1,1,0|0,,,,,,,,,,,,,,,,,,,,,,,,,,,,,,,,,,,,,
315307,-1,,,,*,summer_festivity,,partner_picture_zhugeliang_date,1,0|0,2,1,6,1,1,0|0,,,,,,,,,,,,,,,,,,,,,,,,,,,,,,,,,,,,,
315308,315309,,,,-1,summer_festivity,,partner_picture_zhugeliang_date,1,0|0,0,1,6,1,1,0|0,,,,,,,,,,,,,,,,,,,,,,,,,,,,,,,,,,,,,
315309,315310,,,,*,summer_festivity,,partner_picture_zhugeliang_date,1,0|0,2,1,6,1,1,0|0,,,,,,,,,,,,,,,,,,,,,,,,,,,,,,,,,,,,,
315310,-1,,,,-1,summer_festivity,,partner_picture_zhugeliang_date,1,0|0,0,1,6,1,1,0|0,,,,,,,,,,,,,,,,,,,,,,,,,,,,,,,,,,,,,
401001,401002,,,-1,-1,mapBg,,partner_picture_ganfuren_date,1,0|0,0,1,6,1,1,0|0,,,,,,,,,,,,,,,,,,,,,,,,,,,,,,,,,,,,,
401002,401003,,,,*,mapBg,,,,,2,,,,,,,,,,,,,,,,,,,,,,,,,,,,,,,,,,,,,,,,,,
401003,401004,,,,-1,mapBg,,partner_picture_ganfuren_date,1,0|0,0,1,6,1,1,0|0,,,,,,,,,,,,,,,,,,,,,,,,,,,,,,,,,,,,,
401004,401005,,,,-1,mapBg,,partner_picture_dengai_date,1,0|0,0,1,6,1,1,0|0,,,,,,,,,,,,,,,,,,,,,,,,,,,,,,,,,,,,,
401005,401006,,,,*,mapBg,,,,,2,,,,,,,,,,,,,,,,,,,,,,,,,,,,,,,,,,,,,,,,,,
401006,401007,,,,-1,mapBg,,partner_picture_dengai_date,1,0|0,0,1,6,1,1,0|0,,,,,,,,,,,,,,,,,,,,,,,,,,,,,,,,,,,,,
401007,401008,,,,-1,mapBg,,partner_picture_zhugeliang_date,1,0|0,0,1,6,1,1,0|0,,,,,,,,,,,,,,,,,,,,,,,,,,,,,,,,,,,,,
401008,-1,,,,-1,mapBg,,partner_picture_zhugeliang_date,1,0|0,0,1,6,1,1,0|0,,,,,,,,,,,,,,,,,,,,,,,,,,,,,,,,,,,,,
402001,402002,,,-1,*,market_scene1,,,,,2,,,,,,,,,,,,,,,,,,,,,,,,,,,,,,,,,,,,,,,,,,
402002,402003,,,,-1,market_scene1,,partner_picture_ganfuren_date,1,0|0,0,1,6,1,1,0|0,,,,,,,,,,,,,,,,,,,,,,,,,,,,,,,,,,,,,
402003,402004,,,,-1,market_scene1,,partner_picture_zhugeliang_date,1,0|0,0,1,6,1,1,0|0,,,,,,,,,,,,,,,,,,,,,,,,,,,,,,,,,,,,,
402004,402005,,,,-1,market_scene1,,partner_picture_dengai_date,1,0|0,0,1,6,1,1,0|0,,,,,,,,,,,,,,,,,,,,,,,,,,,,,,,,,,,,,
402005,402006,,,,-1,market_scene1,,partner_picture_ganfuren_date,1,0|0,0,1,6,1,1,0|0,,,,,,,,,,,,,,,,,,,,,,,,,,,,,,,,,,,,,
402006,-1,,,,-1,market_scene1,,partner_picture_ganfuren_date,1,0|0,0,1,6,1,1,0|0,,,,,,,,,,,,,,,,,,,,,,,,,,,,,,,,,,,,,
403001,403002,,,-1,*,market_scene1,,,,,2,,,,,,,,,,,,,,,,,,,,,,,,,,,,,,,,,,,,,,,,,,
403002,403003,,,,*,market_scene1,,,,,2,,,,,,,,,,,,,,,,,,,,,,,,,,,,,,,,,,,,,,,,,,
403003,403004,,,,-1,market_scene1,,,,,0,,,,,,,,,,,,,,,,,,,,,,,,,,,,,,,,,,,,,,,,,,
403004,403005,,,,*,market_scene1,,,,,2,,,,,,,,,,,,,,,,,,,,,,,,,,,,,,,,,,,,,,,,,,
403005,403006,,,,-1,market_scene1,,partner_picture_dengai_date,1,0|0,0,1,6,1,1,0|0,,,,,,,,,,,,,,,,,,,,,,,,,,,,,,,,,,,,,
403006,403007,,,,-1,market_scene1,,partner_picture_ganfuren_date,1,0|0,0,1,6,1,1,0|0,,,,,,,,,,,,,,,,,,,,,,,,,,,,,,,,,,,,,
403007,-1,,,,-1,market_scene1,,partner_picture_zhugeliang_date,1,0|0,0,1,6,1,1,0|0,,,,,,,,,,,,,,,,,,,,,,,,,,,,,,,,,,,,,
404001,404002,,,-1,*,mapBg,,,,,2,,,,,,,,,,,,,,,,,,,,,,,,,,,,,,,,,,,,,,,,,,
404002,404003,,,,-1,mapBg,,partner_picture_dengai_date,1,0|0,0,1,6,1,1,0|0,,,,,,,,,,,,,,,,,,,,,,,,,,,,,,,,,,,,,
404003,404004,,,,*,mapBg,,,,,2,,,,,,,,,,,,,,,,,,,,,,,,,,,,,,,,,,,,,,,,,,
404004,404005,,,,-1,mapBg,,partner_picture_dengai_date,1,0|0,0,1,6,1,1,0|0,,,,,,,,,,,,,,,,,,,,,,,,,,,,,,,,,,,,,
404005,404006,,,,*,mapBg,,,,,2,,,,,,,,,,,,,,,,,,,,,,,,,,,,,,,,,,,,,,,,,,
404006,404007,,,,-1,mapBg,,partner_picture_ganfuren_date,1,0|0,0,1,6,1,1,0|0,,,,,,,,,,,,,,,,,,,,,,,,,,,,,,,,,,,,,
404007,-1,,,,-1,mapBg,,partner_picture_zhugeliang_date,1,0|0,0,1,6,1,1,0|0,,,,,,,,,,,,,,,,,,,,,,,,,,,,,,,,,,,,,
405001,405002,,,-1,*,mapBg,,,,,2,,,,,,,,,,,,,,,,,,,,,,,,,,,,,,,,,,,,,,,,,,
405002,405003,,,,-1,mapBg,,partner_picture_752008,1,0|0,0,1,6,1,1,0|0,,,,,,,,,,,,,,,,,,,,,,,,,,,,,,,,,,,,,
405003,405004,,,,*,mapBg,,,,,2,,,,,,,,,,,,,,,,,,,,,,,,,,,,,,,,,,,,,,,,,,
405004,405005,,,,-1,mapBg,,partner_picture_752008,1,0|0,0,1,6,1,1,0|0,,,,,,,,,,,,,,,,,,,,,,,,,,,,,,,,,,,,,
405005,-1,,,,*,mapBg,,,,,2,,,,,,,,,,,,,,,,,,,,,,,,,,,,,,,,,,,,,,,,,,
406001,406002,,,-1,*,mapBg,,,,,2,,,,,,,,,,,,,,,,,,,,,,,,,,,,,,,,,,,,,,,,,,
406002,406003,,,,-1,mapBg,,partner_picture_dengai_date,1,0|0,0,1,6,1,1,0|0,,,,,,,,,,,,,,,,,,,,,,,,,,,,,,,,,,,,,
406003,406004,,,,-1,mapBg,,partner_picture_ganfuren_date,1,0|0,0,1,6,1,1,0|0,,,,,,,,,,,,,,,,,,,,,,,,,,,,,,,,,,,,,
406004,406005,,,,-1,mapBg,,partner_picture_zhugeliang_date,1,0|0,0,1,6,1,1,0|0,,,,,,,,,,,,,,,,,,,,,,,,,,,,,,,,,,,,,
406005,-1,,,,-1,mapBg,,partner_picture_zhugeliang_date,1,0|0,0,1,6,1,1,0|0,,,,,,,,,,,,,,,,,,,,,,,,,,,,,,,,,,,,,
407001,407002,,,-1,*,small_garden,,,,,2,,,,,,,,,,,,,,,,,,,,,,,,,,,,,,,,,,,,,,,,,,
407002,407003,,,,-1,small_garden,,partner_picture_54002,1,0|0,0,1,6,1,1,0|0,,,,,,,,,,,,,,,,,,,,,,,,,,,,,,,,,,,,,
407003,407004,,,,-1,small_garden,,partner_picture_54002,1,0|0,0,1,6,1,1,0|0,,,,,,,,,,,,,,,,,,,,,,,,,,,,,,,,,,,,,
407004,407005,,,,*,small_garden,,,,,2,,,,,,,,,,,,,,,,,,,,,,,,,,,,,,,,,,,,,,,,,,
407005,407006,,,,-1,small_garden,,partner_picture_54002,1,0|0,0,1,6,1,1,0|0,,,,,,,,,,,,,,,,,,,,,,,,,,,,,,,,,,,,,
407006,-1,,,,*,small_garden,,,,,2,,,,,,,,,,,,,,,,,,,,,,,,,,,,,,,,,,,,,,,,,,
408001,408002,,,-1,-1,classroom,,partner_picture_752008,1,0|0,0,1,6,1,1,0|0,,,,,,,,,,,,,,,,,,,,,,,,,,,,,,,,,,,,,
408002,408003,,,,*,classroom,,,,,2,,,,,,,,,,,,,,,,,,,,,,,,,,,,,,,,,,,,,,,,,,
408003,408004,,,,-1,classroom,,partner_picture_zhugeliang_date,1,0|0,0,1,6,1,1,0|0,,,,,,,,,,,,,,,,,,,,,,,,,,,,,,,,,,,,,
408004,408005,,,,*,classroom,,,,,2,,,,,,,,,,,,,,,,,,,,,,,,,,,,,,,,,,,,,,,,,,
408005,408006,,,,-1,classroom,,partner_picture_dengai_date,1,0|0,0,1,6,1,1,0|0,,,,,,,,,,,,,,,,,,,,,,,,,,,,,,,,,,,,,
408006,408007,,,,*,classroom,,,,,2,,,,,,,,,,,,,,,,,,,,,,,,,,,,,,,,,,,,,,,,,,
408007,-1,,,,-1,classroom,,partner_picture_ganfuren_date,1,0|0,0,1,6,1,1,0|0,,,,,,,,,,,,,,,,,,,,,,,,,,,,,,,,,,,,,
409001,409002,,,-1,*,qilizhiwu_outside,,,,,2,,,,,,,,,,,,,,,,,,,,,,,,,,,,,,,,,,,,,,,,,,
409002,409003,,,,-1,qilizhiwu_outside,,partner_picture_55002,1,0|0,0,1,6,1,1,0|0,,,,,,,,,,,,,,,,,,,,,,,,,,,,,,,,,,,,,
409003,409004,,,,*,qilizhiwu_outside,,partner_picture_55002,1,0|0,2,1,6,1,1,0|0,,,,,,,,,,,,,,,,,,,,,,,,,,,,,,,,,,,,,
409004,409005,,,,-1,qilizhiwu_outside,,partner_picture_55002,1,0|0,0,1,6,1,1,0|0,,,,,,,,,,,,,,,,,,,,,,,,,,,,,,,,,,,,,
409005,409006,,,,*,qilizhiwu_outside,,partner_picture_55002,1,0|0,2,1,6,1,1,0|0,,,,,,,,,,,,,,,,,,,,,,,,,,,,,,,,,,,,,
409006,409007,,,,-1,qilizhiwu_outside,,partner_picture_55002,1,0|0,0,1,6,1,1,0|0,,,,,,,,,,,,,,,,,,,,,,,,,,,,,,,,,,,,,
409007,-1,,,,-1,qilizhiwu_outside,,partner_picture_55002,1,0|0,0,1,6,1,1,0|0,,,,,,,,,,,,,,,,,,,,,,,,,,,,,,,,,,,,,
