id,name,name2,model_name,scale,shade_pos,blood_pos,atk_time,skill_time,pet_details_pos,pet_card_pos,pet_show_pos,battle_pos,fx_pos,house_model
1100101,-1,-1,liaohua,0.63,2|-25|0.67,1|1|1,0|0,0|0,0|0|0,0|0|0,0|0|0,,,
1100201,-1,-1,ruanji,0.63,-3|-20|0.67,1|1|1,0|0,0|0,0|0|0,0|0|0,0|0|0,,,
1100301,-1,-1,wangping,0.63,0|-20|0.67,1|1|1,0|0,0|0,0|0|0,0|0|0,0|0|0,,,
1200101,-1,-1,caohong,0.63,0|-20|0.67,1|1|1,0|0,0|0,0|0|0,0|0|0,0|0|0,,,
1200201,-1,-1,jiling,0.64,0|-20|0.67,1|1|1,0|0,0|0,0|0|0,0|0|0,0|0|0,,,
1200301,-1,-1,handang,0.54,0|-20|0.67,1|1|1,0|0,0|0,0|0|0,0|0|0,0|0|0,,,
1300101,-1,-1,lingtong,0.6,0|-20|0.67,1|1|1,0|0,0|0,0|0|0,0|0|0,0|0|0,,,
1300201,-1,-1,wanshengwunv,0.63,0|-20|0.67,1|1|1,0|0,0|0,0|0|0,0|0|0,0|0|0,,,
1300301,-1,-1,mayunlu,0.63,0|-20|0.67,1|1|1,0|0,0|0,0|0|0,0|0|0,0|0|0,,,
1400101,-1,-1,guanlu,0.63,0|-20|0.67,1|1|1,0|0,0|0,0|0|0,0|0|0,0|0|0,,,
1400201,-1,-1,luzhi,0.63,-2|-20|0.67,1|1|1,0|0,0|0,0|0|0,0|0|0,0|0|0,,,
1400301,-1,-1,tianfeng,0.63,-4|-20|0.67,1|1|1,0|0,0|0,0|0|0,0|0|0,0|0|0,,,
2100101,-1,-1,xiahouxuan,0.7,0|-20|0.67,1|1|1,0|0,0|0,0|0|0,0|0|0,0|0|0,,,
2100201,-1,-1,chengpu,0.7,-2|-20|0.67,1|1|1,0|0,0|0,0|0|0,0|0|0,0|0|0,,,
2100301,-1,-1,hansui,0.63,0|-20|0.67,1|1|1,0|0,0|0,0|0|0,0|0|0,0|0|0,,,
2100401,-1,-1,caofang,0.65,0|-20|0.67,1|1|1,0|0,0|0,0|0|0,0|0|0,0|0|0,,,
2200101,-1,-1,maliang,0.63,-4|-20|0.67,1|1|1,0|0,0|0,0|0|0,0|0|0,0|0|0,,,
2200201,-1,-1,panghui,0.63,0|-20|0.67,1|1|1,0|0,0|0,0|0|0,0|0|0,0|0|0,,,
2200301,-1,-1,huanggai,0.63,-5|-20|0.67,1|1|1,0|0,0|0,0|0|0,0|0|0,0|0|0,,,
2200401,-1,ZH-07,hucheer,0.63,0|-20|0.67,1|1|1,0|0,0|0,0|0|0,0|0|0,0|0|0,,,
2300101,-1,-1,zhangerbao,0.71,-4|-20|0.67,1|1|1,0|0,0|0,0|0|0,0|0|0,0|0|0,,,
2300201,-1,-1,zhangliang,0.67,-2|-20|0.67,1|1|1,0|0,0|0,0|0|0,0|0|0,0|0|0,,,
2300301,-1,-1,yuanfeizuozhu,0.63,0|-20|0.67,1|1|1,0|0,0|0,0|0|0,0|0|0,0|0|0,,,
2300401,-1,-1,shamoke,0.63,0|-20|0.67,1|1|1,0|0,0|0,0|0|0,0|0|0,0|0|0,,,
2400101,-1,-1,gongsunzan,0.63,0|-20|0.67,1|1|1,0|0,0|0,0|0|0,0|0|0,0|0|0,,,
2400201,-1,-1,dingfeng,0.63,0|-20|0.75,1|1|1,0|0,0|0,0|0|0,0|0|0,0|0|0,,,
2400301,-1,-1,huaxiong,0.68,0|-20|0.67,1|1|1,0|0,0|0,0|0|0,0|0|0,0|0|0,,,
2400401,-1,-1,zhongyao,0.63,-3|-20|0.67,1|1|1,0|0,0|0,0|0|0,0|0|0,0|0|0,,,
3100101,-1,-1,zhuran,0.63,-3|-20|0.67,1|1|1,0|0,0|0,0|0|0,0|0|0,0|0|0,,,
3100201,-1,-1,yutu,0.63,0|-20|0.67,1|1|1,0|0,0|0,0|0|0,0|0|0,0|0|0,,,
3100301,-1,-1,kongrong,0.65,1|-20|0.67,1|1|1,0|0,0|0,0|0|0,0|0|0,0|0|0,,,
3100401,-1,-1,wangshuang,0.63,0|-20|0.67,1|1|1,0|0,0|0,0|0|0,0|0|0,0|0|0,,,
3100501,-1,-1,sunjian,0.64,-2|-20|0.67,1|1|1,0|0,0|0,0|0|0,0|0|0,0|0|0,,,
3200101,-1,-1,guotu,0.6,-2|-20|0.67,1|1|1,0|0,0|0,0|0|0,0|0|0,0|0|0,,,
3200201,-1,-1,aidehua,0.6,-3|-20|0.67,1|1|1,0|0,0|0,0|0|0,0|0|0,0|0|0,,,
3200301,-1,-1,hejin,0.65,-1|-20|0.67,1|1|1,0|0,0|0,0|0|0,0|0|0,0|0|0,,,
3200401,-1,-1,chendeng,0.7,-3|-20|0.67,1|1|1,0|0,0|0,0|0|0,0|0|0,0|0|0,,,
3200501,-1,MK-05,zhitianxinnai,0.66,-3|-20|0.67,1|1|1,0|0,0|0,0|0|0,0|0|0,0|0|0,,,
3300101,-1,-1,zhonghui,0.66,3|-20|0.67,1|1|1,0|0,0|0,0|0|0,0|0|0,0|0|0,,,
3300201,-1,-1,jianggan,0.63,-2|-20|0.67,1|1|1,0|0,0|0,0|0|0,0|0|0,0|0|0,,,
3300301,-1,-1,simashi,0.63,-3|-20|0.67,1|1|1,0|0,0|0,0|0|0,0|0|0,0|0|0,,,
3300401,-1,-1,xiahouba,0.68,-3|-20|0.67,1|1|1,0|0,0|0,0|0|0,0|0|0,0|0|0,,,
3300501,-1,-1,maoliyuanjiu,0.65,-3|-20|0.67,1|1|1,0|0,0|0,0|0|0,0|0|0,0|0|0,,,
3400101,-1,-1,caoxing,0.63,3|-20|0.67,1|1|1,0|0,0|0,0|0|0,0|0|0,0|0|0,,,
3400201,-1,-1,xusheng,0.66,-3|-20|0.67,1|1|1,0|0,0|0,0|0|0,0|0|0,0|0|0,,,
3400301,-1,-1,jiangqin,0.65,-3|-20|0.67,1|1|1,0|0,0|0,0|0|0,0|0|0,0|0|0,,,
3400401,-1,-1,gaoshun,0.63,0|-20|0.67,1|1|1,0|0,0|0,0|0|0,0|0|0,0|0|0,,,
3400501,-1,-1,meiyingdu,0.64,0|-20|0.67,1|1|1,0|0,0|0,0|0|0,0|0|0,0|0|0,,,
3500101,-1,-1,caorui,0.64,0|-20|0.67,1|1|1,0|0,0|0,0|0|0,0|0|0,0|0|0,,,
3600101,-1,-1,change,0.7,-3|-20|0.67,1|1|1,0|0,0|0,0|0|0,0|0|0,0|0|0,,,
4100101,-1,-1,zhoutai,0.67,-4|-20|0.67,1|1|1,0|0,0|0,0|0|0,0|0|0,0|0|0,,,
4100201,-1,-1,chitu,0.63,-5|-20|0.67,1|1|1,0|0,0|0,0|0|0,0|0|0,0|0|0,,,
4100301,-1,-1,machao,0.63,-6|-20|0.67,1|1|1,0|0,0|0,0|0|0,0|0|0,0|0|0,,,
4100401,-1,-1,yangxiu,0.63,-7|-20|0.67,1|1|1,0|0,0|0,0|0|0,0|0|0,0|0|0,,,
4100501,-1,-1,yanliang,0.63,-7|-20|0.67,1|1|1,0|0,0|0,0|0|0,0|0|0,0|0|0,,,
4100601,-1,-1,miheng,0.63,-3|-20|0.67,1|1|1,0|0,0|0,0|0|0,0|0|0,0|0|0,,,
4100701,-1,-1,wenchou,0.65,-7|-20|0.67,1|1|1,0|0,0|0,0|0|0,0|0|0,0|0|0,,,
4100801,-1,-1,zhangchunhua,0.63,-5|-20|0.67,1|1|1,0|0,0|0,0|0|0,0|0|0,0|0|0,,,
4200101,-1,-1,xiaoqiao,0.63,-5|-20|0.67,1|1|1,0|0,0|0,0|0|0,0|0|0,0|0|0,,,
4200201,-1,-1,dianwei,0.68,-5|-20|0.67,1|1|1,0|0,0|0,0|0|0,0|0|0,0|0|0,,,
4200301,-1,-1,sunce,0.67,0|-20|0.67,1|1|1,5|5,0|0,0|0|0,0|0|0,0|0|0,,,
4200302,-1,-1,sunce_pifu01,0.64,0|-20|0.67,1|1|1,5|5,0|0,0|0|0,0|0|0,0|0|0,,,
4200401,-1,-1,zhenji,0.63,-7|-20|0.67,1|1|1,0|0,0|0,0|0|0,0|0|0,0|0|0,,,
4200501,-1,-1,xunyou,0.68,0|-20|0.67,1|1|1,0|0,0|0,0|0|0,0|0|0,0|0|0,,,
4200601,-1,LM-02,caochong,0.65,-5|-20|0.67,1|1|1,0|0,0|0,0|0|0,0|0|0,0|0|0,,,
4200701,-1,-1,liushan,0.63,-2|-20|0.67,1|1|1,0|0,0|0,0|0|0,0|0|0,0|0|0,,,
4200801,-1,-1,xuhuang,0.72,-7|-20|0.67,1|1|1,0|0,0|0,0|0|0,0|0|0,0|0|0,,,
4300101,-1,-1,lusu,0.63,-5|-20|0.67,1|1|1,0|0,0|0,0|0|0,0|0|0,0|0|0,,,
4300201,-1,-1,caoxiu,0.64,-3|-20|0.67,1|1|1,0|0,0|0,0|0|0,0|0|0,0|0|0,,,
4300301,-1,-1,wangyun,0.68,0|-20|0.67,1|1|1,0|0,0|0,0|0|0,0|0|0,0|0|0,,,
4300401,-1,-1,bulianshi,0.75,-3|-20|0.67,1|1|1,0|0,0|0,0|0|0,0|0|0,0|0|0,,,
4300501,-1,-1,wenpin,0.63,-4|-18|0.67,1|1|1,0|0,0|0,0|0|0,0|0|0,0|0|0,,,
4300601,-1,-1,zhangjiao,0.72,-6|-20|0.67,1|1|1,0|0,0|0,0|0|0,0|0|0,0|0|0,,,
4300701,-1,-1,weiyan,0.66,0|-20|0.67,1|1|1,0|0,0|0,0|0|0,0|0|0,0|0|0,,,
4300702,-1,-1,weiyan_pifu01,0.7,0|-20|0.67,1|1|1,0|0,0|0,0|0|0,0|0|0,0|0|0,,,
4300703,-1,,weiyan_pifu02,0.58,0|-20|0.67,1|1|1,0|0,0|0,0|0|0,0|0|0,0|0|0,,,
4300704,-1,,weiyan_02,0.66,0|-20|0.67,1|1|1,0|0,0|0,0|0|0,0|0|0,0|0|0,,,
4300801,-1,-1,zhugejin,0.63,-2|-20|0.67,1|1|1,0|0,0|0,0|0|0,0|0|0,0|0|0,,,
4400101,-1,-1,yuanshu,0.64,-4|-20|0.67,1|1|1,0|0,0|0,0|0|0,0|0|0,0|0|0,,,
4400201,-1,-1,panfeng,0.73,3|-20|0.7,1|1|1,0|0,0|0,0|0|0,0|0|0,0|0|0,,,
4400301,-1,-1,buzhi,0.63,0|-20|0.67,1|1|1,0|0,0|0,0|0|0,0|0|0,0|0|0,,,
4400401,-1,-1,wangyuanji,0.63,0|-20|0.67,1|1|1,0|0,0|0,0|0|0,0|0|0,0|0|0,,,
4400501,-1,-1,masu,0.7,-3|-20|0.67,1|1|1,0|0,0|0,0|0|0,0|0|0,0|0|0,,,
4400601,-1,-1,lidian,0.64,0|-20|0.67,1|1|1,0|0,0|0,0|0|0,0|0|0,0|0|0,,,
4400701,-1,-1,hetaihou,0.7,0|-20|0.67,1|1|1,0|0,0|0,0|0|0,0|0|0,0|0|0,,,
4400801,-1,-1,zhangzhongjing,0.7,-4|-20|0.67,1|1|1,0|0,0|0,0|0|0,0|0|0,0|0|0,,,
4500101,-1,-1,jiaxu,0.77,-3|-18|0.67,1|1|1,0|0,0|0,0|0|0,0|0|0,0|0|0,,,
4500201,-1,-1,wanglang,0.63,0|-19|0.67,1|1|1,0|0,0|0,0|0|0,0|0|0,0|0|0,,,
4500301,-1,-1,liru,0.66,0|-19|0.67,1|1|1,0|0,0|0,0|0|0,0|0|0,0|0|0,,,
4500302,-1,-1,liru_pifu01,0.63,0|-20|0.67,1|1|1,0|0,0|0,0|0|0,0|0|0,0|0|0,,,
4600101,-1,-1,chengyu,0.63,-3|-20|0.67,1|1|1,0|0,0|0,0|0|0,0|0|0,0|0|0,,,
4600201,-1,-1,zhangzhao,0.61,0|-20|0.67,1|1|1,0|0,0|0,0|0|0,0|0|0,0|0|0,,,
4600301,-1,-1,fazheng,0.75,0|-20|0.67,1|1|1,0|0,0|0,0|0|0,0|0|0,0|0|0,,,
5100101,-1,-1,zhouyu,0.63,0|-20|0.67,1|1|1,0|0,0|0,0|0|0,0|0|0,0|0|0,,,
5100102,-1,-1,zhouyu_pifu01,0.68,0|-20|0.67,1|1|1,0|0,0|0,0|0|0,0|0|0,0|0|0,,,
5100103,-1,-1,zhouyu_pifu02,0.68,0|-20|0.68,1|1|1,0|0,-50|0,0|0|0,0|0|0,0|0|0,,,
5100201,-1,-1,zhanghe,0.72,-3|-20|0.67,1|1|1,0|0,0|0,0|0|0,0|0|0,0|0|0,,,
5100202,-1,-1,zhanghe_pifu01,0.69,-3|-20|0.67,1|1|1,0|0,0|0,0|0|0,0|0|0,0|0|0,,,
5100203,-1,-1,zhanghe_pifu02,0.63,0|-20|0.67,1|1|1,0|0,0|0,0|0|0,0|0|0,0|0|0,,,
5100204,-1,-1,zhanghe_pifu03,0.63,0|-20|0.67,1|1|1,0|0,-20|0,0|0|0,0|0|0,0|0|0,,,
5100205,-1,-1,zhanghe_pifu04,0.63,0|-20|0.67,1|1|1,0|0,0|0,0|0|0,0|0|0,0|0|0,,,
5100301,-1,-1,dongzhuo,0.63,0|-20|0.67,1|1|1,0|0,0|0,0|0|0,0|0|0,0|0|0,,,
5100302,-1,-1,dongzhuo_pifu01,0.68,0|-20|0.67,1|1|1,-8|0,-10|0,0|0|0,0|0|0,0|0|0,,,
5100303,-1,-1,dongzhuo_pifu02,0.63,0|-20|0.67,1|1|1,0|0,0|0,0|0|0,0|0|0,0|0|0,,,
5100401,-1,-1,degula,0.7,0|-20|0.67,1|1|1,0|0,0|0,0|0|0,0|0|0,0|0|0,,,
5100402,-1,-1,degula_pifu01,0.6,0|-20|0.67,1|1|1,0|0,0|0,0|0|0,0|0|0,0|0|0,,,
5100403,-1,,degula_pifu02,0.6,0|-20|0.67,1|1|1,0|0,0|0,0|0|0,0|0|0,0|0|0,,,
5100404,-1,-1,degula_pifu03,0.65,0|-20|0.67,1|1|1,0|0,0|0,0|0|0,0|0|0,0|0|0,,,
5100405,-1,-1,degula_pifu04,0.65,0|-20|0.67,1|1|1,-25|0,-30|0,0|0|0,0|0|0,0|0|0,,,
5100501,-1,-1,sunwukong,0.63,0|-20|0.67,1|1|1,0|0,0|0,0|0|0,0|0|0,0|0|0,,,
5100502,-1,-1,sunwukong_pifu01,0.63,0|-20|0.67,1|1|1,0|0,0|0,0|0|0,0|0|0,0|0|0,,,
5100601,-1,-1,dengai,0.65,-7|-20|0.67,1|1|1,0|0,0|0,0|0|0,0|0|0,0|0|0,,,
5100602,-1,-1,dengai_pifu01,0.65,-7|-20|0.67,1|1|1,0|0,0|0,0|0|0,0|0|0,0|0|0,,,
5100603,-1,-1,dengai_pifu02,0.65,-7|-20|0.67,1|1|1,0|0,0|0,0|0|0,0|0|0,0|0|0,,,
5100604,-1,-1,dengai_pifu03,0.65,-7|-20|0.67,1|1|1,0|0,0|0,0|0|0,0|0|0,0|0|0,,,
5100605,-1,-1,dengai_pifu04,0.65,-7|-20|0.67,1|1|1,0|0,0|0,0|0|0,0|0|0,0|0|0,,,
5100701,-1,-1,menghuo,0.67,10|-23|0.85,1|1|1,0|0,-10|0,0|0|0,0|0|0,0|0|0,,,
5100702,-1,-1,menghuo_pifu01,0.6,-7|-25|0.85,1|1|1,0|0,-10|0,0|0|0,0|0|0,0|0|0,,,
5100801,-1,-1,qianbenying,0.63,-7|-20|0.67,1|1|1,0|0,-25|0,0|0|0,0|0|0,0|0|0,,,
5100802,-1,-1,qianbenying_pifu01,0.63,-7|-20|0.67,1|1|1,0|0,-25|0,0|0|0,0|0|0,0|0|0,,,
5100803,-1,-1,qianbenying_pifu02,0.63,-7|-20|0.67,1|1|1,0|0,-25|0,0|0|0,0|0|0,0|0|0,,,
5100804,-1,-1,qianbenying_pifu03,0.63,-7|-20|0.67,1|1|1,0|0,-25|0,0|0|0,0|0|0,0|0|0,,,
5100901,-1,-1,ganfuren,0.65,0|-20|0.67,1|1|1,0|0,0|0,0|0|0,0|0|0,0|0|0,,,
5100902,-1,-1,ganfuren_pifu01,0.65,0|-20|0.67,1|1|1,0|0,-45|0,0|0|0,0|0|0,0|0|0,,,
5100903,-1,-1,ganfuren_pifu02,0.65,0|-20|0.67,1|1|1,0|0,0|0,0|0|0,0|0|0,0|0|0,,,
5101001,-1,-1,simayi,0.63,-3|-20|0.67,1|1|1,0|0,0|0,0|0|0,0|0|0,0|0|0,,,
5101002,-1,,simayi_pifu01,0.65,-3|-20|0.67,1|1|1,0|0,-10|0,0|0|0,0|0|0,0|0|0,,,
5101003,-1,-1,simayi_pifu02,0.65,-3|-20|0.67,1|1|1,0|0,0|0,0|0|0,0|0|0,0|0|0,,,
5101004,-1,-1,simayi_pifu03,0.65,-3|-20|0.67,1|1|1,0|0,0|0,0|0|0,0|0|0,0|0|0,,,
5101101,-1,-1,banila,0.62,-7|-20|0.67,1|1|1,0|0,0|0,0|0|0,0|0|0,0|0|0,,,
5101102,-1,-1,banila_pifu01,0.62,-7|-20|0.67,1|1|1,0|0,0|0,0|0|0,0|0|0,0|0|0,,,
5101103,-1,-1,banila_pifu02,0.62,-7|-20|0.67,1|1|1,0|0,0|0,0|0|0,0|0|0,0|0|0,,,
5101104,-1,-1,banila_pifu03,0.62,-7|-20|0.67,1|1|1,-20|0,-20|0,0|0|0,0|0|0,0|0|0,,,
5101105,-1,-1,banila_pifu04,0.62,-7|-20|0.67,1|1|1,0|0,0|0,0|0|0,0|0|0,0|0|0,,,
5101201,-1,-1,fenlier,0.65,-7|-20|0.67,1|1|1,0|0,-53|0,0|0|0,0|0|0,0|0|0,,,
5101202,-1,-1,fenlier_pifu01,0.65,-7|-20|0.67,1|1|1,0|0,-35|0,0|0|0,0|0|0,0|0|0,,,
5101203,-1,-1,fenlier_pifu02,0.65,-7|-20|0.67,1|1|1,0|0,-35|0,0|0|0,0|0|0,0|0|0,,,
5101204,-1,-1,fenlier_pifu03,0.65,-7|-20|0.67,1|1|1,0|0,-35|0,0|0|0,0|0|0,0|0|0,,,
5101205,-1,-1,fenlier_pifu04,0.65,-7|-20|0.67,1|1|1,0|0,-35|0,0|0|0,0|0|0,0|0|0,,,
5101301,-1,-1,weiweian,0.62,-7|-20|0.67,1|1|1,0|0,0|0,0|0|0,0|0|0,0|0|0,,,
5101302,-1,-1,weiweian_pifu01,0.62,-7|-20|0.67,1|1|1,0|0,0|0,0|0|0,0|0|0,0|0|0,,,
5101303,-1,-1,weiweian_pifu02,0.67,-7|-20|0.67,1|1|1,0|0,0|0,0|0|0,0|0|0,0|0|0,,,
5101401,-1,-1,fanhexin,0.65,-7|-20|0.67,1|1|1,0|0,-4|0,0|0|0,0|0|0,0|0|0,,,
5101402,-1,-1,fanhexin_pifu01,0.65,-7|-20|0.67,1|1|1,0|0,-4|0,0|0|0,0|0|0,0|0|0,,,
5101501,-1,-1,anyue,0.69,-3|-20|0.67,1|1|1,0|0,0|0,0|0|0,0|0|0,0|0|0,,,
5101502,-1,-1,anyue_pifu01,0.65,-3|-20|0.67,1|1|1,0|0,0|0,0|0|0,0|0|0,0|0|0,,,
5101503,-1,,anyue_pifu02,0.65,-3|-20|0.67,1|1|1,0|0,0|0,0|0|0,0|0|0,0|0|0,,,
5101601,-1,-1,dianna,0.67,0|-20|0.67,1|1|1,-20|0,0|0,0|0|0,0|0|0,0|0|0,,,
5200101,-1,-1,diaochan,0.7,-7|-20|0.67,1|1|1,0|0,0|0,0|0|0,0|0|0,0|0|0,,,
5200102,-1,-1,diaochan_pifu,0.65,-2|-20|0.67,1|1|1,0|0,0|0,0|0|0,0|0|0,0|0|0,,,
5200103,-1,-1,diaochan_pifu02,0.65,-2|-20|0.67,1|1|1,0|0,0|0,0|0|0,0|0|0,0|0|0,,,
5200104,-1,-1,diaochan_pifu03,0.65,-2|-20|0.67,1|1|1,0|0,0|0,0|0|0,0|0|0,0|0|0,,,
5200201,-1,-1,xunyu,0.68,-3|-20|0.67,1|1|1,0|0,0|0,0|0|0,0|0|0,0|0|0,,,
5200202,-1,-1,xunyu_pifu01,0.66,-3|-20|0.67,1|1|1,0|0,0|0,0|0|0,0|0|0,0|0|0,,,
5200203,-1,-1,xunyu_pifu02,0.63,0|-22|0.67,1|1|1,0|0,0|0,0|0|0,0|0|0,0|0|0,,,
5200204,-1,-1,xunyu_pifu03,0.65,-3|-20|0.67,1|1|1,0|0,0|0,0|0|0,0|0|0,0|0|0,,,
5200301,-1,-1,xiahoudun,0.7,0|-22|0.67,1|1|1,0|0,0|0,0|0|0,0|0|0,0|0|0,,,
5200302,-1,-1,xiahoudun_pifu01,0.7,0|-22|0.67,1|1|1,0|0,-10|0,0|0|0,0|0|0,0|0|0,,,
5200401,-1,-1,caocao,0.74,-5|-20|0.67,1|1|1,0|0,0|0,0|0|0,0|0|0,0|0|0,,,
5200402,-1,-1,caocao_pifu01,0.58,0|-20|0.67,1|1|1,0|0,0|0,0|0|0,0|0|0,0|0|0,,,
5200403,-1,,caocao_pifu02,0.63,0|-20|0.67,1|1|1,0|0,0|0,0|0|0,0|0|0,0|0|0,,,
5200404,-1,-1,caocao_pifu03,0.7,0|-20|0.67,1|1|1,0|0,-60|0,0|0|0,0|0|0,0|0|0,,,
5200405,-1,,caocao_pifu04,0.7,0|-20|0.67,1|1|1,0|0,-30|0,0|0|0,0|0|0,0|0|0,,,
5200501,-1,-1,zhaoyun,0.63,-3|-20|0.67,1|1|1,0|0,-10|0,0|0|0,0|0|0,0|0|0,,,
5200502,-1,-1,zhaoyun_pifu01,0.65,-3|-20|0.67,1|1|1,0|0,-10|0,0|0|0,0|0|0,0|0|0,,,
5200503,-1,-1,zhaoyun_pifu02,0.61,-3|-20|0.67,1|30|1,0|0,0|0,0|0|0,0|0|0,0|0|0,,,
5200601,-1,-1,daqiao,0.64,-3|-20|0.67,1|1|1,0|0,0|0,0|0|0,0|0|0,0|0|0,,,
5200602,-1,-1,daqiao_pifu01,0.64,-3|-20|0.67,1|1|1,0|0,0|0,0|0|0,0|0|0,0|0|0,,,
5200701,-1,-1,zhangfei,0.79,-4|-19|0.67,1|1|1,0|0,0|0,0|0|0,0|0|0,0|0|0,,,
5200702,-1,-1,zhangfei_pifu01,0.71,0|-20|0.67,1|1|1,0|0,-25|0,0|0|0,0|0|0,0|0|0,,,
5200703,-1,,zhangfei_pifu02,0.63,0|-20|0.67,1|1|1,0|0,0|0,0|0|0,0|0|0,0|0|0,,,
5200801,-1,-1,xiahouyuan,0.66,0|-20|0.67,1|1|1,0|0,0|0,0|0|0,0|0|0,0|0|0,,,
5200802,-1,-1,xiahouyuan_pifu01,0.63,0|-20|0.67,1|1|1,0|0,0|0,0|0|0,0|0|0,0|0|0,,,
5200901,-1,-1,guanyu,0.68,-3|-20|0.67,1|1|1,0|0,0|0,0|0|0,0|0|0,0|0|0,,,
5200902,-1,-1,guanyu_pifu01,0.68,-3|-20|0.67,1|1|1,0|0,0|0,0|0|0,0|0|0,0|0|0,,,
5200903,-1,,guanyu_pifu02,0.68,-3|-20|0.67,1|1|1,0|0,0|0,0|0|0,0|0|0,0|0|0,,,
5201001,-1,OD-01,caozhi,0.65,-5|-20|0.67,1|1|1,0|0,0|0,0|0|0,0|0|0,0|0|0,,,
5201002,-1,-1,caozhi_pifu01,0.62,-5|-20|0.67,1|1|1,0|0,-15|0,0|0|0,0|0|0,0|0|0,,,
5201101,-1,-1,luxun,0.64,-7|-20|0.67,1|1|1,0|0,0|0,0|0|0,0|0|0,0|0|0,,,
5201102,-1,-1,luxun_pifu01,0.64,-7|-20|0.67,1|1|1,0|0,-30|0,0|0|0,0|0|0,0|0|0,,,
5201103,-1,-1,luxun_pifu02,0.7,-7|-20|0.67,1|1|1,0|0,-30|0,0|0|0,0|0|0,0|0|0,,,
5201104,-1,-1,luxun_pifu03,0.7,-7|-20|0.67,1|1|1,0|0,-30|0,0|0|0,0|0|0,0|0|0,,,
5201201,-1,-1,yinyue,0.67,-3|-20|0.67,1|1|1,0|0,0|0,0|0|0,0|0|0,0|0|0,,,
5201202,-1,-1,yinyue_pifu01,0.67,-3|-20|0.67,1|1|1,0|0,0|0,0|0|0,0|0|0,0|0|0,,,
5201203,-1,-1,yinyue_pifu02,0.67,-3|-20|0.67,1|1|1,0|0,0|0,0|0|0,0|0|0,0|0|0,,,
5201204,-1,-1,yinyue_pifu03,0.69,-3|-20|0.67,1|1|1,0|0,-20|0,0|0|0,0|0|0,0|0|0,,,
5201205,-1,-1,yinyue_pifu04,0.69,-3|-20|0.67,1|1|1,0|0,-20|0,0|0|0,0|0|0,0|0|0,,,
5201206,-1,-1,yinyue_pifu05,0.69,-3|-20|0.67,1|1|1,0|0,-20|0,0|0|0,0|0|0,0|0|0,,,
5201301,-1,-1,spcaocao,0.67,-7|-20|0.67,1|1|1,0|0,-15|0,0|0|0,0|0|0,0|0|0,,,
5201302,-1,-1,spcaocao_pifu01,0.67,-7|-20|0.67,1|1|1,0|0,-50|0,0|0|0,0|0|0,0|0|0,,,
5201303,-1,-1,spcaocao_pifu02,0.67,-7|-20|0.67,1|1|1,0|0,-50|0,0|0|0,0|0|0,0|0|0,,,
5201401,-1,-1,banbenlongma,0.67,-7|-20|0.67,1|1|1,-27|0,-40|0,0|0|0,0|0|0,0|0|0,,,
5201402,-1,-1,banbenlongma_pifu01,0.64,-7|-20|0.67,1|1|1,-10|0,-25|0,0|0|0,0|0|0,0|0|0,,,
5201403,-1,-1,banbenlongma_pifu02,0.64,-7|-20|0.67,1|1|1,-25|0,-30|0,0|0|0,0|0|0,0|0|0,,,
5201404,-1,-1,banbenlongma_pifu03,0.64,-7|-20|0.67,1|1|1,-25|0,-30|0,0|0|0,0|0|0,0|0|0,,,
5201405,-1,-1,banbenlongma_pifu04,0.64,-7|-20|0.67,1|1|1,-25|0,-30|0,0|0|0,0|0|0,0|0|0,,,
5201501,-1,-1,yunmu,0.67,-7|-20|0.67,1|1|1,0|0,0|0,0|0|0,0|0|0,0|0|0,,,
5201502,-1,-1,yunmu_pifu01,0.67,-7|-20|0.67,1|1|1,-5|0,-20|0,0|0|0,0|0|0,0|0|0,,,
5201503,-1,-1,yunmu_pifu02,0.67,-7|-20|0.67,1|1|1,0|0,0|0,0|0|0,0|0|0,0|0|0,,,
5201601,-1,-1,teleisha,0.67,-7|-20|0.67,1|1|1,0|0,-30|0,0|0|0,0|0|0,0|0|0,,,
5201602,-1,-1,teleisha_pifu01,0.67,-7|-20|0.67,1|1|1,0|0,0|0,0|0|0,0|0|0,0|0|0,,,
5201603,-1,-1,teleisha_pifu02,0.67,-7|-20|0.67,1|1|1,0|0,0|0,0|0|0,0|0|0,0|0|0,,,
5201701,-1,-1,monika,0.67,-7|-20|0.67,1|1|1,0|0,0|0,0|0|0,0|0|0,0|0|0,,,
5300101,-1,-1,zuoci,0.62,-7|-20|0.67,1|1|1,0|0,0|0,0|0|0,0|0|0,0|0|0,,,
5300102,-1,-1,zuoci_pifu01,0.65,-7|-20|0.67,1|1|1,0|0,0|0,0|0|0,0|0|0,0|0|0,,,
5300103,-1,-1,zuoci_pifu02,0.63,-7|-20|0.67,1|1|1,0|0,0|0,0|0|0,0|0|0,0|0|0,,,
5300104,-1,-1,zuoci_pifu03,0.63,-7|-20|0.67,1|1|1,0|0,0|0,0|0|0,0|0|0,0|0|0,,,
5300105,-1,-1,zuoci_pifu04,0.63,-7|-20|0.67,1|1|1,0|0,-75|0,0|0|0,0|0|0,0|0|0,,,
5300201,-1,-1,yanyue,0.68,0|-20|0.67,1|1|1,0|0,0|0,0|0|0,0|0|0,0|0|0,,,
5300301,-1,-1,hanlingdi,0.62,0|-20|0.67,1|1|1,0|0,0|0,0|0|0,0|0|0,0|0|0,,,
5300302,-1,-1,hanlingdi_pifu01,0.62,0|-20|0.67,1|1|1,0|0,0|0,0|0|0,0|0|0,0|0|0,,,
5300401,-1,-1,hanxiandi,0.61,-4|-20|0.67,1|1|1,0|0,0|0,0|0|0,0|0|0,0|0|0,,,
5300402,-1,-1,hanxiandi_pifu01,0.7,-4|-20|0.67,1|1|1,0|0,0|0,0|0|0,0|0|0,0|0|0,,,
5300403,-1,-1,hanxiandi_pifu02,0.7,-4|-20|0.67,1|1|1,0|0,0|0,0|0|0,0|0|0,0|0|0,,,
5300501,-1,-1,zhitianxinchang,0.65,-4|-20|0.67,1|1|1,0|0,0|0,0|0|0,0|0|0,0|0|0,,,
5300502,-1,-1,zhitianxinchang_pifu01,0.69,0|-20|0.67,1|1|1,0|0,-35|0,0|0|0,0|0|0,0|0|0,,,
5300503,-1,-1,zhitianxinchang_pifu02,0.63,-3|-20|0.67,1|1|1,0|0,0|0,0|0|0,0|0|0,0|0|0,,,
5300504,-1,-1,zhitianxinchang_pifu03,0.63,-3|-20|0.67,1|1|1,0|0,0|0,0|0|0,0|0|0,0|0|0,,,
5300601,-1,-1,jiangwei,0.63,-3|-20|0.67,1|1|1,0|0,0|0,0|0|0,0|0|0,0|0|0,,,
5300602,-1,,jiangwei_pifu01,0.63,-3|-20|0.67,1|1|1,-30|0,0|0,0|0|0,0|0|0,0|0|0,,,
5300701,-1,-1,tuling,0.65,-7|-20|0.67,1|1|1,0|0,-15|0,0|0|0,0|0|0,0|0|0,,,
5300702,-1,,tuling_pifu01,0.65,-7|-20|0.67,1|1|1,-15|0,0|0,0|0|0,0|0|0,0|0|0,,,
5300703,-1,,tuling_pifu02,0.65,-7|-20|0.67,1|1|1,-25|0,-20|0,0|0|0,0|0|0,0|0|0,,,5300703|53007031
53007031,-1,,tuling_pifu02_xiong,0.85,-7|-20|0.67,1|1|1,0|0,0|0,0|0|0,0|0|0,0|0|0,,,
5300704,-1,-1,tuling_pifu03,0.65,-7|-20|0.67,1|1|1,-15|0,-15|0,0|0|0,0|0|0,0|0|0,,,
5300705,-1,,tuling_pifu04,0.65,-7|-20|0.67,1|1|1,-15|0,-65|0,0|0|0,0|0|0,0|0|0,,,
5300801,-1,-1,fengchenxiuji,0.63,-5|-20|0.67,1|1|1,0|0,0|0,0|0|0,0|0|0,0|0|0,,,
5300901,-1,-1,yidazhengzong,0.69,0|-20|0.67,1|1|1,0|0,0|0,0|0|0,0|0|0,0|0|0,,,
5300902,-1,,yidazhengzong_pifu01,0.69,0|-20|0.67,1|1|1,0|0,0|0,0|0|0,0|0|0,0|0|0,,,
5301001,-1,-1,fangtianhuaji,0.63,0|-20|0.67,1|1|1,0|0,0|0,0|0|0,0|0|0,0|0|0,,,
5301002,-1,-1,fangtian_pifu01,0.63,0|-20|0.67,1|1|1,0|0,0|0,0|0|0,0|0|0,0|0|0,,,
5301004,-1,-1,fangtian_pifu03,0.63,0|-20|0.67,1|1|1,0|0,-15|0,0|0|0,0|0|0,0|0|0,,,
5301101,-1,-1,huangyueying,0.68,-7|-20|0.67,1|1|1,0|0,0|0,0|0|0,0|0|0,0|0|0,,,
5301102,-1,-1,huangyueying_pifu01,0.63,0|-20|0.67,1|1|1,0|0,0|0,0|0|0,0|0|0,0|0|0,,,
5301103,-1,-1,huangyueying_pifu02,0.63,0|-20|0.68,1|1|1,0|0,0|0,0|0|0,0|0|0,0|0|0,,,
5301104,-1,-1,huangyueying_pifu03,0.63,0|-20|0.69,1|1|1,0|0,0|0,0|0|0,0|0|0,0|0|0,,,
5301105,-1,-1,huangyueying_pifu04,0.63,0|-20|0.69,1|1|1,0|0,0|0,0|0|0,0|0|0,0|0|0,,,
5301106,-1,-1,huangyueying_pifu05,0.63,0|-20|0.69,1|1|1,-10|0,-18|0,0|0|0,0|0|0,0|0|0,,,
5301201,-1,,SPweiyan,0.63,0|-20|0.68,1|1|1,0|0,0|0,0|0|0,0|0|0,0|0|0,,,
5301202,-1,-1,spweiyan_pifu01,0.63,0|-20|0.68,1|1|1,0|0,-10|0,0|0|0,0|0|0,0|0|0,,,
5301203,-1,-1,spweiyan_pifu02,0.63,0|-20|0.68,1|1|1,0|0,-10|0,0|0|0,0|0|0,0|0|0,,,
5301204,-1,-1,spweiyan_pifu03,0.63,0|-20|0.68,1|1|1,-35|0,-45|0,0|0|0,0|0|0,0|0|0,,,
5301301,-1,,wangyi,0.67,0|-20|0.67,1|1|1,0|0,0|0,0|0|0,0|0|0,0|0|0,,,
5301302,-1,,wangyi_pifu01,0.67,0|-20|0.67,1|1|1,0|0,0|0,0|0|0,0|0|0,0|0|0,,,
5301303,-1,-1,wangyi_pifu02,0.67,0|-20|0.67,1|1|1,0|0,0|0,0|0|0,0|0|0,0|0|0,,,
5301401,-1,,xifeng,0.67,0|-20|0.67,1|1|1,0|0,-12|0,0|0|0,0|0|0,0|0|0,,,
5301402,-1,-1,xifeng_pifu01,0.64,0|-20|0.67,1|1|1,0|0,-10|0,0|0|0,0|0|0,0|0|0,,,
5301501,-1,,pipiluo,0.67,0|-20|0.67,1|1|1,0|0,-200|0,0|0|0,0|0|0,0|0|0,,,
5301502,-1,-1,pipiluo_pifu01,0.67,0|-20|0.67,1|1|1,0|0,0|0,0|0|0,0|0|0,0|0|0,,,
5301503,-1,-1,pipiluo_pifu02,0.67,0|-20|0.67,1|1|1,-25|0,-40|0,0|0|0,0|0|0,0|0|0,,,
5400101,-1,-1,huangzhong,0.63,-2|-20|0.67,1|1|1,0|0,0|0,0|0|0,0|0|0,0|0|0,,,
5400102,-1,-1,huangzhong_pifu01,0.63,-2|-20|0.67,1|1|1,0|0,0|0,0|0|0,0|0|0,0|0|0,,,
5400103,-1,-1,huangzhong_pifu02,0.63,-2|-20|0.67,1|1|1,0|0,0|0,0|0|0,0|0|0,0|0|0,,,
5400104,-1,,huangzhong_pifu03,0.63,-2|-20|0.67,1|1|1,0|0,-40|0,0|0|0,0|0|0,0|0|0,,,
5400201,-1,-1,xuchu,0.78,0|-20|0.67,1|1|1,0|0,0|0,0|0|0,0|0|0,0|0|0,,,
5400202,-1,-1,xuchu_pifu01,0.64,0|-20|0.67,1|1|1,0|0,-20|0,0|0|0,0|0|0,0|0|0,,,
5400203,-1,-1,xuchu_pifu02,0.64,0|-20|0.67,1|1|1,0|0,-20|0,0|0|0,0|0|0,0|0|0,,,
5400301,-1,-1,ailier,0.6,-7|-20|0.67,1|1|1,0|0,0|0,0|0|0,0|0|0,0|0|0,,,
5400401,-1,-1,caiwenji,0.63,0|-20|0.67,1|1|1,0|0,0|0,0|0|0,0|0|0,0|0|0,,,
5400402,-1,-1,caiwenji_pifu01,0.63,0|-20|0.67,1|1|1,0|0,-20|0,0|0|0,0|0|0,0|0|0,,,
5400501,-1,-1,zhurong,0.65,0|-20|0.67,1|1|1,0|0,0|0,0|0|0,0|0|0,0|0|0,,,
5400502,-1,-1,zhurong_pifu01,0.65,0|-20|0.67,1|1|1,0|0,0|0,0|0|0,0|0|0,0|0|0,,,
5400601,-1,-1,guohuan,0.81,-1|-20|0.67,1|1|1,0|0,0|0,0|0|0,0|0|0,0|0|0,,,
5400602,-1,-1,guohuan_pifu01,0.65,-7|-20|0.67,1|1|1,0|0,0|0,0|0|0,0|0|0,0|0|0,,,
5400701,-1,-1,lvmeng,0.66,-3|-20|0.67,1|1|1,0|0,0|0,0|0|0,0|0|0,0|0|0,,,
5400702,-1,-1,lvmeng_pifu01,0.6,-3|-20|0.67,1|1|1,0|0,0|0,0|0|0,0|0|0,0|0|0,,,
5400703,-1,-1,lvmeng_pifu02,0.65,-3|-20|0.67,1|1|1,0|0,0|0,0|0|0,0|0|0,0|0|0,,,
5400704,-1,-1,lvmeng_pifu03,0.65,-3|-20|0.67,1|1|1,0|0,0|0,0|0|0,0|0|0,0|0|0,,,
5400801,-1,-1,zhugeliang,0.72,-7|-20|0.67,1|1|1,0|0,0|0,0|0|0,0|0|0,0|0|0,,,
5400802,-1,-1,zhugeliang_pifu01,0.65,-7|-20|0.67,1|1|1,0|0,0|0,0|0|0,0|0|0,0|0|0,,,
5400803,-1,-1,zhugeliang_pifu02,0.63,-7|-20|0.67,1|1|1,0|0,0|0,0|0|0,0|0|0,0|0|0,,,
5400804,-1,-1,zhugeliang_pifu03,0.63,-7|-20|0.67,1|1|1,0|0,-45|0,0|0|0,0|0|0,0|0|0,,,
5400805,-1,-1,zhugeliang_pifu04,0.63,-7|-20|0.67,1|1|1,0|0,0|0,0|0|0,0|0|0,0|0|0,,,
5400901,-1,-1,sunshangxiang,0.63,-7|-20|0.67,1|1|1,0|0,0|0,0|0|0,0|0|0,0|0|0,,,
5400902,-1,-1,sunshangxiang_pifu01,0.63,-7|-20|0.68,1|1|1,0|0,0|0,0|0|0,0|0|0,0|0|0,,,
5400903,-1,-1,sunshangxiang_pifu02,0.63,-7|-20|0.68,1|1|1,0|0,-70|0,0|0|0,0|0|0,0|0|0,,,
5401001,-1,-1,lvlingqi,0.7,-7|-20|0.67,1|1|1,0|0,0|0,0|0|0,0|0|0,0|0|0,,,
5401002,-1,-1,lvlingqi_pifu01,0.7,-7|-20|0.67,1|-45|1,0|0,0|0,0|0|0,0|0|0,0|0|0,,,
5401003,-1,-1,lvlingqi_pifu02,0.65,-7|-20|0.67,1|1|1,0|0,0|0,0|0|0,0|0|0,0|0|0,,,
5401004,-1,-1,lvlingqi_pifu03,0.65,-7|-20|0.67,1|1|1,0|0,0|0,0|0|0,0|0|0,0|0|0,,,
5401101,-1,-1,chilian,0.67,-7|-20|0.68,1|1|1,0|0,-20|0,0|0|0,0|0|0,0|0|0,,,
5401102,-1,-1,chilian_pifu01,0.67,-7|-20|0.68,1|1|1,0|0,0|0,0|0|0,0|0|0,0|0|0,,,
5401103,-1,-1,chilian_pifu02,0.67,-7|-20|0.68,1|1|1,0|0,0|0,0|0|0,0|0|0,0|0|0,,,
5401104,-1,-1,chilian_pifu03,0.67,-7|-20|0.68,1|1|1,-35|0,-35|0,0|0|0,0|0|0,0|0|0,,,
5401105,-1,-1,chilian_pifu04,0.67,-7|-20|0.68,1|1|1,-20|0,-20|0,0|0|0,0|0|0,0|0|0,,,
5401201,-1,-1,keruisi,0.64,-7|-20|0.67,1|1|1,0|0,0|0,0|0|0,0|0|0,0|0|0,,,
5401202,-1,,keruisi_pifu01,0.64,-7|-20|0.67,1|1|1,0|0,-26|0,0|0|0,0|0|0,0|0|0,,,
5401203,-1,-1,keruisi_pifu02,0.64,-7|-20|0.67,1|1|1,0|0,-26|0,0|0|0,0|0|0,0|0|0,,,
5401301,-1,-1,liubei,0.65,-7|-20|0.67,1|1|1,0|0,0|0,0|0|0,0|0|0,0|0|0,,,
5401302,-1,-1,liubei_pifu01,0.65,-7|-20|0.67,1|1|1,0|0,0|0,0|0|0,0|0|0,0|0|0,,,
5401303,-1,-1,liubei_pifu02,0.65,-7|-20|0.67,1|1|1,0|0,-20|0,0|0|0,0|0|0,0|0|0,,,
5401401,-1,-1,weila,0.65,-7|-20|0.67,1|1|1,0|0,0|0,0|0|0,0|0|0,0|0|0,,,
5401402,-1,-1,weila_pifu01,0.65,-7|-20|0.67,1|1|1,0|0,0|0,0|0|0,0|0|0,0|0|0,,,
5401403,-1,-1,weila_pifu02,0.65,-7|-20|0.67,1|1|1,0|0,0|0,0|0|0,0|0|0,0|0|0,,,
5401501,-1,-1,hujisheng,0.65,-7|-20|0.67,1|1|1,0|0,0|0,0|0|0,0|0|0,0|0|0,,,
5401502,-1,-1,hujisheng_pifu01,0.65,-7|-20|0.67,1|1|1,0|0,0|0,0|0|0,0|0|0,0|0|0,,,
5401601,-1,,kaixi,0.65,-7|-20|0.67,1|1|1,-10|0,-10|0,0|0|0,0|0|0,0|0|0,,,
5500101,,-1,zhitianxinchang,0.78,-7|-20|0.67,1|1|1,0|0,0|0,0|0|0,0|0|0,0|0|0,,,
5500201,-1,-1,simazhao,0.68,-7|-20|0.67,1|1|1,0|0,0|0,0|0|0,0|0|0,0|0|0,,,
5500202,-1,-1,simazhao_pifu01,0.65,-7|-20|0.67,1|1|1,0|0,0|0,0|0|0,0|0|0,0|0|0,,,
5500203,-1,-1,simazhao_pifu02,0.65,-7|-20|0.67,1|1|1,0|0,0|0,0|0|0,0|0|0,0|0|0,,,
5500301,-1,-1,guojia,0.63,-7|-20|0.67,1|1|1,0|0,0|0,0|0|0,0|0|0,0|0|0,,,
5500302,-1,-1,guojia_pifu01,0.63,-7|-20|0.67,1|1|1,0|0,0|0,0|0|0,0|0|0,0|0|0,,,
5500303,-1,-1,guojia_pifu02,0.63,-7|-20|0.67,1|1|1,0|0,0|0,0|0|0,0|0|0,0|0|0,,,
5500304,-1,-1,guojia_pifu03,0.63,-7|-20|0.67,1|1|1,0|0,0|0,0|0|0,0|0|0,0|0|0,,,
5500401,-1,-1,yuji,0.63,-7|-20|0.67,1|1|1,0|0,0|0,0|0|0,0|0|0,0|0|0,,,
5500402,-1,-1,yuji_pifu01,0.63,-7|-20|0.68,1|1|1,0|0,0|0,0|0|0,0|0|0,0|0|0,,,
5500501,-1,-1,luxifa,0.51,0|-20|0.67,1|20|1,0|0,0|0,0|0|0,0|0|0,0|0|0,,,
5500502,-1,-1,luxifa_pifu01,0.62,0|-20|0.67,1|20|1,0|0,0|0,0|0|0,0|0|0,0|0|0,,,
5500503,-1,-1,luxifa_pifu02,0.63,0|-20|0.67,1|20|1,0|0,0|0,0|0|0,0|0|0,0|0|0,,,
5500504,-1,-1,luxifa_pifu03,0.63,0|-20|0.67,1|1|1,0|0,-44|0,0|0|0,0|0|0,0|0|0,,,
5500505,-1,-1,luxifa_pifu04,0.63,0|-20|0.67,1|1|1,0|0,-20|0,0|0|0,0|0|0,0|0|0,,,
5500506,-1,-1,luxifa_pifu05,0.63,0|-20|0.67,1|1|1,0|0,-30|0,0|0|0,0|0|0,0|0|0,,,
5500601,-1,-1,shuangzi,0.6,0|-20|0.67,1|1|1,0|0,-40|0,0|0|0,0|0|0,0|0|0,,,5500601|55006011
55006011,-1,-1,shuangzi_emo,0.6,0|-20|0.67,1|1|1,0|0,-40|0,0|0|0,0|0|0,0|0|0,,,
5500602,-1,-1,shuangzi_pifu01,0.6,0|-20|0.67,1|1|1,0|0,-20|0,0|0|0,0|0|0,0|0|0,,,5500602|55006021
55006021,-1,-1,shuangzi_pifu01_emo,0.6,0|-20|0.67,1|1|1,0|0,0|0,0|0|0,0|0|0,0|0|0,,,
5500603,-1,-1,shuangzi_pifu02,0.6,0|-20|0.67,1|1|1,0|0,0|0,0|0|0,0|0|0,0|0|0,,,5500603|55006031
55006031,-1,-1,shuangzi_pifu02_emo,0.6,0|-20|0.67,1|1|1,0|0,0|0,0|0|0,0|0|0,0|0|0,,,
5500604,-1,-1,shuangzi_pifu03,0.6,0|-20|0.68,1|1|1,0|0,-40|0,0|0|0,0|0|0,0|0|0,,,5500604|55006041
55006041,-1,-1,shuangzi_pifu03_emo,0.6,0|-20|0.69,1|1|1,0|0,0|0,0|0|0,0|0|0,0|0|0,,,
5500605,-1,-1,shuangzi_pifu04,0.6,0|-20|0.69,1|1|1,0|0,0|0,0|0|0,0|0|0,0|0|0,,,5500605|55006051
55006051,-1,-1,shuangzi_pifu04_emo,0.6,0|-20|0.69,1|1|1,0|0,0|0,0|0|0,0|0|0,0|0|0,,,
5500606,-1,-1,shuangzi_pifu05,0.6,0|-20|0.69,1|1|1,0|0,-10|0,0|0|0,0|0|0,0|0|0,,,5500606|55006061
55006061,-1,-1,shuangzi_pifu05_emo,0.6,0|-20|0.69,1|1|1,0|0,0|0,0|0|0,0|0|0,0|0|0,,,
5500701,-1,-1,lvbu,0.67,0|-20|0.69,1|1|1,0|0,-45|0,0|0|0,0|0|0,0|0|0,,,
5500702,-1,-1,lvbu_pifu01,0.67,0|-20|0.69,1|1|1,0|0,-60|0,0|0|0,0|0|0,0|0|0,,,
5500703,-1,-1,lvbu_pifu02,0.67,0|-20|0.69,1|1|1,0|0,-45|0,0|0|0,0|0|0,0|0|0,,,
5500704,-1,-1,lvbu_pifu03,0.67,0|-20|0.69,1|1|1,0|0,-45|0,0|0|0,0|0|0,0|0|0,,,
5500705,-1,-1,lvbu_pifu04,0.67,0|-20|0.69,1|1|1,0|0,-80|0,0|0|0,0|0|0,0|0|0,,,
5500706,-1,-1,lvbu_pifu05,0.67,0|-20|0.69,1|1|1,0|0,-80|0,0|0|0,0|0|0,0|0|0,,,
5500801,-1,-1,yixienamei,0.67,0|-20|0.69,1|1|1,0|0,0|0|0,0|0|0,0|0|0,0|0|0,,,
5500802,-1,-1,yixienamei_pifu01,0.67,0|-20|0.69,1|1|1,0|0,0|0|0,0|0|0,0|0|0,0|0|0,,,
5500803,-1,-1,yixienamei_pifu02,0.67,0|-20|0.69,1|1|1,0|0,0|0|0,0|0|0,0|0|0,0|0|0,,,
5500804,-1,-1,yixienamei_pifu03,0.67,0|-20|0.69,1|1|1,0|0,0|0|0,0|0|0,0|0|0,0|0|0,,,
5500805,-1,-1,yixienamei_pifu04,0.67,0|-20|0.69,1|1|1,0|0,0|0|0,0|0|0,0|0|0,0|0|0,,,
5500901,-1,-1,apate,0.65,0|-20|0.69,1|1|1,0|0,-90|0,0|0|0,0|0|0,0|0|0,,,
5500902,-1,,apate_pifu01,0.65,0|-20|0.69,1|1|1,0|0,0|0,0|0|0,0|0|0,0|0|0,,,
5500903,-1,,apate_pifu02,0.65,0|-20|0.69,1|1|1,0|0,-40|0,0|0|0,0|0|0,0|0|0,,,
5500904,-1,,apate_pifu03,0.65,0|-20|0.69,1|1|1,0|0,0|0,0|0|0,0|0|0,0|0|0,,,
5501001,-1,-1,feisina,0.65,0|-20|0.69,1|1|1,0|0,0|0,0|0|0,0|0|0,0|0|0,,,
5501002,-1,-1,feisina_pifu01,0.65,0|-20|0.69,1|1|1,0|0,-50|0,0|0|0,0|0|0,0|0|0,,,
5600101,-1,-1,shuijing,0.66,-7|-20|0.67,1|1|1,0|0,0|0,0|0|0,0|0|0,0|0|0,,,
5600102,-1,-1,shuijing_pifu01,0.6,-7|-20|0.67,1|1|1,0|0,0|0,0|0|0,0|0|0,0|0|0,,,
5600103,-1,-1,shuijing_pifu02,0.66,-7|-20|0.67,1|1|1,-10|0,-12|0,0|0|0,0|0|0,0|0|0,,,
5600104,-1,-1,shuijing_pifu03,0.66,-7|-20|0.67,1|1|1,-10|0,-12|0,0|0|0,0|0|0,0|0|0,,,
5600105,-1,-1,shuijing_pifu04,0.66,-7|-20|0.67,1|1|1,-10|0,-12|0,0|0|0,0|0|0,0|0|0,,,
5600201,-1,-1,jiabailie,0.6,-7|-20|0.67,1|1|1,0|0,0|0,0|0|0,0|0|0,0|0|0,,,
5600202,-1,-1,jiabailie_pifu01,0.65,-7|-20|0.67,1|1|1,0|0,0|0,0|0|0,0|0|0,0|0|0,,,
5600203,-1,-1,jiabailie_pifu02,0.65,-7|-20|0.67,1|1|1,0|0,0|0,0|0|0,0|0|0,0|0|0,,,
5600204,-1,-1,jiabailie_pifu03,0.65,-7|-20|0.67,1|1|1,0|0,0|0,0|0|0,0|0|0,0|0|0,,,
5600301,-1,-1,mijiale,0.63,-7|-20|0.67,1|1|1,0|0,-20|0,0|0|0,0|0|0,0|0|0,,,
5600302,-1,-1,mijiale_pifu01,0.67,-7|-20|0.67,1|1|1,0|0,-20|0,0|0|0,0|0|0,0|0|0,,,
5600303,-1,-1,mijiale_pifu02,0.65,-7|-20|0.67,1|1|1,0|0,-20|0,0|0|0,0|0|0,0|0|0,,,
5600304,-1,-1,mijiale_pifu03,0.65,-7|-20|0.67,1|1|1,0|0,-20|0,0|0|0,0|0|0,0|0|0,,,
5600305,-1,-1,mijiale_pifu04,0.65,-7|-20|0.67,1|1|1,0|0,-20|0,0|0|0,0|0|0,0|0|0,,,
5600401,-1,-1,pangtong_5,0.63,-7|-20|0.67,1|1|1,0|0,-30|0,0|0|0,0|0|0,0|0|0,,,
5600402,-1,-1,pangtong_pifu01,0.63,-7|-20|0.67,1|1|1,0|0,-10|0,0|0|0,0|0|0,0|0|0,,,
5600403,-1,-1,pangtong_pifu02,0.63,-7|-20|0.67,1|1|1,0|0,-10|0,0|0|0,0|0|0,0|0|0,,,
5600404,-1,-1,pangtong_pifu03,0.63,-7|-20|0.67,1|1|1,0|0,-25|0,0|0|0,0|0|0,0|0|0,,,
5600405,-1,-1,pangtong_pifu04,0.63,-7|-20|0.67,1|1|1,-10|0,-10|0,0|0|0,0|0|0,0|0|0,,,
5600501,-1,-1,huatuo,0.63,-7|-20|0.67,1|1|1,-20|0,-10|0,0|0|0,0|0|0,0|0|0,,,
5600502,-1,-1,huatuo_pifu01,0.63,-7|-20|0.67,1|1|1,0|0,-10|0,0|0|0,0|0|0,0|0|0,,,
5600503,-1,-1,huatuo_pifu02,0.63,-7|-20|0.67,1|1|1,0|0,-20|0,0|0|0,0|0|0,0|0|0,,,
5600504,-1,-1,huatuo_pifu03,0.63,-7|-20|0.67,1|1|1,0|0,-50|0,0|0|0,0|0|0,0|0|0,,,
5600505,-1,-1,huatuo_pifu04,0.63,-7|-20|0.67,1|1|1,0|0,-20|0,0|0|0,0|0|0,0|0|0,,,
5600506,-1,-1,huatuo_pifu05,0.61,-3|-20|0.63,1|1|1,0|0,-20|0,0|0|0,0|0|0,0|0|0,,,
5600601,-1,-1,spmijiale,0.67,-7|-20|0.67,1|1|1,0|0,-60|0,0|0|0,0|0|0,0|0|0,,,
5600602,-1,-1,luxifeier_pifu01,0.67,-7|-20|0.67,1|1|1,0|0,-60|0,0|0|0,0|0|0,0|0|0,,,
5600603,-1,-1,luxifeier_pifu02,0.67,-7|-20|0.67,1|1|1,0|0,-40|0,0|0|0,0|0|0,0|0|0,,,
5600604,-1,-1,luxifeier_pifu03,0.63,-7|-20|0.67,1|1|1,0|0,-60|0,0|0|0,0|0|0,0|0|0,,,
5600605,-1,-1,luxifeier_pifu04,0.67,-7|-20|0.67,1|1|1,0|0,0|0,0|0|0,0|0|0,0|0|0,,,
5600701,-1,-1,wulieer,0.67,-7|-20|0.67,1|1|1,0|0,0|0,0|0|0,0|0|0,0|0|0,,,
5600702,-1,-1,wulieer_pifu01,0.67,-7|-20|0.67,1|1|1,0|0,-30|0,0|0|0,0|0|0,0|0|0,,,
5600703,-1,-1,wulieer_pifu02,0.67,-7|-20|0.67,1|1|1,0|0,-30|0,0|0|0,0|0|0,0|0|0,,,
5600801,-1,-1,houyi,0.67,-7|-20|0.67,1|1|1,0|0,0|0|-72,0|0|0,0|0|0,0|0|0,,,
5600802,-1,-1,houyi_pifu01,0.67,-7|-20|0.67,1|1|1,0|0,0|0|-72,0|0|0,0|0|0,0|0|0,,,
65100101,-1,-1,zhouyu_awaken,0.64,2|-20|0.67,1|1|1,0|0,0|0,0|0|0,0|0|0,0|0|0,,,
65100201,-1,-1,dongzhuo_awaken,0.63,0|-20|0.67,1|1|1,0|0,0|0,0|0|0,0|0|0,0|0|0,,,
65100301,-1,-1,degula_awaken,0.72,0|-20|0.67,1|1|1,0|0,0|0,0|0|0,0|0|0,0|0|0,,,
65100401,-1,-1,sunwukong_awaken,0.63,0|-20|0.67,1|1|1,0|0,0|0,0|0|0,0|0|0,0|0|0,,,
65100501,-1,-1,menghuo_awaken,0.67,7|-30|1,1|1|1,0|0,-10|0,0|0|0,0|0|0,0|0|0,,,
65100601,-1,-1,ganfuren_awaken,0.63,0|-20|0.67,1|1|1,0|0,0|0,0|0|0,0|0|0,0|0|0,,,
65100701,-1,-1,xiahoudun_awaken,0.7,0|-30|1,1|1|1,0|0,0|0,0|0|0,0|0|0,0|0|0,,,
65100801,-1,-1,zhaoyun_awaken,0.62,-2|-20|0.67,1|1|1,0|0,-10|0,0|0|0,0|0|0,0|0|0,,,
65100901,-1,-1,daqiao_awaken,0.63,0|-20|0.67,1|1|1,0|0,0|0,0|0|0,0|0|0,0|0|0,,,
65101001,-1,-1,xiahouyuan_awaken,0.62,-3|-20|0.67,1|1|1,0|0,0|0,0|0|0,0|0|0,0|0|0,,,
65101101,-1,-1,simayi_awaken,0.62,0|-20|0.67,1|1|1,0|0,0|0,0|0|0,0|0|0,0|0|0,,,
65101201,-1,-1,zhangchunhua_awaken,0.63,0|-20|0.67,1|1|1,0|0,0|0,0|0|0,0|0|0,0|0|0,,,
65101301,-1,-1,machao_awaken,0.63,0|-20|0.67,1|1|1,0|0,0|0,0|0|0,0|0|0,0|0|0,,,
65101401,-1,-1,yangxiu_awaken,0.63,-2|-20|0.67,1|1|1,0|0,0|0,0|0|0,0|0|0,0|0|0,,,
65101501,-1,-1,zhanghe_awaken,0.74,-3|-20|0.67,1|1|1,0|0,0|0,0|0|0,0|0|0,0|0|0,,,
65101601,-1,-1,dengai_awaken,0.65,-7|-20|0.67,1|1|1,0|0,0|0,0|0|0,0|0|0,0|0|0,,,
65101701,-1,-1,qianbenying_awaken,0.63,-7|-20|0.67,1|1|1,0|0,-25|0,0|0|0,0|0|0,0|0|0,,,
65101801,-1,-1,banila_awaken,0.62,-7|-20|0.67,1|1|1,0|0,0|0,0|0|0,0|0|0,0|0|0,,,
65101901,-1,-1,fenlier_awaken,0.67,-7|-20|0.68,1|1|1,0|0,-53|0,0|0|0,0|0|0,0|0|0,,,
65102001,-1,-1,weiweian_awaken,0.62,-7|-20|0.67,1|1|1,0|0,0|0,0|0|0,0|0|0,0|0|0,,,
65102101,-1,-1,fanhexin_awaken,0.65,-7|-20|0.67,1|1|1,0|0,-4|0,0|0|0,0|0|0,0|0|0,,,
65102201,-1,-1,anyue_awaken,0.69,-3|-20|0.67,1|1|1,0|0,0|0,0|0|0,0|0|0,0|0|0,,,
65102301,-1,-1,dianna_awaken,0.67,0|-20|0.67,1|1|1,-20|0,0|0,0|0|0,0|0|0,0|0|0,,,
65200101,-1,-1,guanyu_awaken,0.68,0|-20|0.67,1|1|1,0|0,0|0,0|0|0,0|0|0,0|0|0,,,
65200201,-1,OD-01,caozhi_awaken,0.65,-2|-20|0.67,1|1|1,0|0,0|0,0|0|0,0|0|0,0|0|0,,,
65200301,-1,-1,hanlingdi_awaken,0.6,0|-20|0.67,1|1|1,0|0,0|0,0|0|0,0|0|0,0|0|0,,,
65200401,-1,-1,zhitianxinchang_awaken,0.63,0|-20|0.67,1|1|1,0|0,0|0,0|0|0,0|0|0,0|0|0,,,
65200501,-1,-1,jiangwei_awaken,0.63,0|-20|0.67,1|1|1,0|0,0|0,0|0|0,0|0|0,0|0|0,,,
65200601,-1,-1,fengchenxiuji_awaken,0.65,0|-20|0.67,1|1|1,0|0,0|0,0|0|0,0|0|0,0|0|0,,,
65200701,-1,-1,yidazhengzong_awaken,0.74,0|-20|0.67,1|1|1,0|0,0|0,0|0|0,0|0|0,0|0|0,,,
5301003,-1,-1,fangtian_pifu02,0.63,0|-20|0.67,1|1|1,0|0,0|0,0|0|0,0|0|0,0|0|0,,,
65200801,-1,-1,fangtianhuaji_awaken,0.63,0|-20|0.67,1|1|1,0|0,0|0,0|0|0,0|0|0,0|0|0,,,
65200901,-1,-1,huangzhong_awaken,0.63,-2|-20|0.67,1|1|1,0|0,0|0,0|0|0,0|0|0,0|0|0,,,
65201001,-1,-1,xuchu_awaken,0.65,-2|-20|0.67,1|1|1,0|0,0|0,0|0|0,0|0|0,0|0|0,,,
65201101,-1,-1,xunyu_awaken,0.62,-3|-20|0.67,1|1|1,0|0,0|0,0|0|0,0|0|0,0|0|0,,,
65201201,-1,-1,zhenji_awaken,0.63,-7|-24|0.78,1|1|1,0|0,0|0,0|0|0,0|0|0,0|0|0,,,
65201301,-1,-1,diaochan_awaken,0.7,-3|-20|0.67,1|1|1,0|0,0|0,0|0|0,0|0|0,0|0|0,,,
65201401,-1,-1,caocao_awaken,0.63,-3|-18|0.67,1|1|1,0|0,0|0,0|0|0,0|0|0,0|0|0,,,
65201501,-1,-1,sunce_awaken,0.65,-3|-20|0.67,1|1|1,5|5,0|0,0|0|0,0|0|0,0|0|0,,,
65201601,-1,-1,xuhuang_awaken,0.7,0|-20|0.67,1|1|1,0|0,0|0,0|0|0,0|0|0,0|0|0,,,
65201701,-1,-1,zhangfei_awaken,0.78,2|-20|0.67,1|1|1,0|0,0|0,0|0|0,0|0|0,0|0|0,,,
65201801,-1,-1,luxun_awaken,0.64,-7|-20|0.67,1|1|1,0|0,0|0,0|0|0,0|0|0,0|0|0,,,
65201901,-1,-1,yinyue_awaken,0.67,-3|-20|0.67,1|1|1,0|0,0|0,0|0|0,0|0|0,0|0|0,,,
65202001,-1,-1,spcaocao_awaken,0.67,-7|-20|0.67,1|1|1,0|0,-15|0,0|0|0,0|0|0,0|0|0,,,
65202101,-1,-1,banbenlongma_awaken,0.67,-7|-20|0.67,1|1|1,-27|0,-40|0,0|0|0,0|0|0,0|0|0,,,
65202201,-1,-1,yunmu_awaken,0.67,-7|-20|0.67,1|1|1,0|0,0|0,0|0|0,0|0|0,0|0|0,,,
65202301,-1,-1,teleisha_awaken,0.67,-7|-20|0.67,1|1|1,0|0,-30|0,0|0|0,0|0|0,0|0|0,,,
65202401,-1,-1,monika_awaken,0.67,-7|-20|0.67,1|1|1,0|0,-30|0,0|0|0,0|0|0,0|0|0,,,
65300101,-1,-1,ailier_awaken,0.64,0|-30|1,1|1|1,0|0,0|0,0|0|0,0|0|0,0|0|0,,,
65300201,-1,-1,zhurong_awaken,0.65,-2|-20|0.67,1|1|1,0|0,0|0,0|0|0,0|0|0,0|0|0,,,
65300301,-1,-1,guohuan_awaken,0.73,0|-20|0.67,1|1|1,0|0,0|0,0|0|0,0|0|0,0|0|0,,,
65300401,-1,-1,sunshangxiang_awaken,0.63,-3|-26|0.9,1|1|1,0|0,0|0,0|0|0,0|0|0,0|0|0,,,
65300501,-1,-1,simazhao_awaken,0.68,0|-17|0.67,1|1|1,0|0,0|0,0|0|0,0|0|0,0|0|0,,,
65300601,-1,-1,shuijing_awaken,0.65,0|-22|0.75,1|1|1,0|0,0|0,0|0|0,0|0|0,0|0|0,,,
65301101,-1,-1,yanyue_awaken,0.63,0|-20|0.67,1|1|1,0|0,0|0,0|0|0,0|0|0,0|0|0,,,
65301201,-1,-1,zhangjiao_awaken,0.73,0|-20|0.67,1|1|1,0|0,0|0,0|0|0,0|0|0,0|0|0,,,
65301301,-1,-1,caoxiu_awaken,0.7,0|-20|0.67,1|1|1,0|0,0|0,0|0|0,0|0|0,0|0|0,,,
65301401,-1,-1,weiyan_awaken,0.63,0|-20|0.67,1|1|1,0|0,0|0,0|0|0,0|0|0,0|0|0,,,
65301501,-1,-1,hanxiandi_awaken,0.74,-3|-20|0.67,1|1|1,0|0,0|0,0|0|0,0|0|0,0|0|0,,,
65301601,-1,-1,zuoci_awaken,0.64,-7|-20|0.67,1|1|1,0|0,0|0,0|0|0,0|0|0,0|0|0,,,
65301701,-1,-1,huangyueying_awaken,0.68,-7|-20|0.67,1|1|1,0|0,0|0,0|0|0,0|0|0,0|0|0,,,
65301801,-1,-1,tuling_awaken,0.65,-7|-20|0.67,1|1|1,0|0,-15|0,0|0|0,0|0|0,0|0|0,,,
65301901,-1,,SPweiyan_awaken,0.63,0|-20|0.68,1|1|1,0|0,0|0,0|0|0,0|0|0,0|0|0,,,
65302001,-1,,wangyi_awaken,0.67,0|-20|0.67,1|1|1,0|0,0|0,0|0|0,0|0|0,0|0|0,,,
65302101,-1,,xifeng_awaken,0.67,0|-20|0.67,1|1|1,0|0,-12|0,0|0|0,0|0|0,0|0|0,,,
65302201,-1,,pipiluo_awaken,0.67,0|-20|0.67,1|1|1,0|0,-200|0,0|0|0,0|0|0,0|0|0,,,
65401101,-1,-1,caiwenji_awaken,0.63,-2|-23|0.8,1|1|1,0|0,0|0,0|0|0,0|0|0,0|0|0,,,
65401201,-1,-1,masu_awaken,0.63,0|-20|0.67,1|1|1,0|0,0|0,0|0|0,0|0|0,0|0|0,,,
65401301,-1,-1,lvmeng_awaken,0.66,0|-20|0.67,1|1|1,0|0,0|0,0|0|0,0|0|0,0|0|0,,,
65401401,-1,-1,zhangzhongjing_awaken,0.65,0|-20|0.67,1|1|1,0|0,0|0,0|0|0,0|0|0,0|0|0,,,
65401501,-1,-1,hetaihou_awaken,0.7,0|-20|0.67,1|1|1,0|0,0|0,0|0|0,0|0|0,0|0|0,,,
65401601,-1,-1,zhugeliang_awaken,0.63,-7|-20|0.67,1|1|1,0|0,0|0,0|0|0,0|0|0,0|0|0,,,
65401701,-1,-1,lvlingqi_awaken,0.7,-7|-20|0.67,1|1|1,0|0,0|0,0|0|0,0|0|0,0|0|0,,,
65401801,-1,-1,chilian_awaken,0.67,-7|-20|0.67,1|1|1,0|0,-20|0,0|0|0,0|0|0,0|0|0,,,
65401901,-1,-1,keruisi_awaken,0.64,-7|-20|0.67,1|1|1,0|0,0|0,0|0|0,0|0|0,0|0|0,,,
65402001,-1,-1,liubei_awaken,0.65,-7|-20|0.67,1|1|1,0|0,0|0,0|0|0,0|0|0,0|0|0,,,
65402101,-1,-1,weila_awaken,0.65,-7|-20|0.67,1|1|1,0|0,0|0,0|0|0,0|0|0,0|0|0,,,
65402201,-1,-1,hujisheng_awaken,0.65,-7|-20|0.67,1|1|1,0|0,0|0,0|0|0,0|0|0,0|0|0,,,
65402301,-1,,kaixi_awaken,0.65,-7|-20|0.67,1|1|1,-10|0,-10|0,0|0|0,0|0|0,0|0|0,,,
65501101,-1,-1,yuji_awaken,0.66,0|-20|0.67,1|1|1,0|0,0|0,0|0|0,0|0|0,0|0|0,,,
65501201,-1,-1,liru_awaken,0.7,0|-20|0.67,1|1|1,0|0,0|0,0|0|0,0|0|0,0|0|0,,,
65501301,-1,-1,luxifa_awaken,0.61,0|-20|0.67,1|20|1,0|0,0|0,0|0|0,0|0|0,0|0|0,,,
65501401,-1,-1,guojia_awaken,0.63,-7|-20|0.67,1|1|1,0|0,0|0,0|0|0,0|0|0,0|0|0,,,
65501501,-1,-1,shuangzi_awaken,0.63,0|-20|0.67,1|1|1,0|0,-40|0,0|0|0,0|0|0,0|0|0,,,65501501|655015011
655015011,-1,-1,shuangzi_awaken_emo,0.63,0|-20|0.67,1|1|1,0|0,0|0,0|0|0,0|0|0,0|0|0,,,
65501601,-1,-1,lvbu_awaken,0.67,0|-20|0.69,1|1|1,0|0,-45|0,0|0|0,0|0|0,0|0|0,,,
65501701,-1,-1,yixienamei_awaken,0.67,0|-20|0.69,1|1|1,0|0,0|0|0,0|0|0,0|0|0,0|0|0,,,
65501801,-1,-1,apate_awaken,0.65,0|-20|0.69,1|1|1,0|0,-90|0,0|0|0,0|0|0,0|0|0,,,
65501901,-1,-1,feisina_awaken,0.65,0|-20|0.69,1|1|1,0|0,0|0,0|0|0,0|0|0,0|0|0,,,
65601101,-1,-1,jiabailie_awaken,0.6,0|-22|0.75,1|1|1,0|0,0|0,0|0|0,0|0|0,0|0|0,,,
65601201,-1,-1,fazheng_awaken,0.72,0|-20|0.67,1|1|1,0|0,0|0,0|0|0,0|0|0,0|0|0,,,
65601301,-1,-1,mijiale_awaken,0.63,-7|-20|0.67,1|1|1,0|0,-20|0,0|0|0,0|0|0,0|0|0,,,
65601401,-1,-1,pangtong_awaken,0.63,-7|-20|0.67,1|1|1,0|0,-30|0,0|0|0,0|0|0,0|0|0,,,
65601501,-1,-1,huatuo_awaken,0.63,-7|-20|0.67,1|1|1,0|0,-10|0,0|0|0,0|0|0,0|0|0,,,
65601601,-1,-1,sp_mijiale_awaken,0.67,-7|-20|0.67,1|1|1,0|0,-60|0,0|0|0,0|0|0,0|0|0,,,
65601701,-1,-1,wulieer_awaken,0.67,-7|-20|0.67,1|1|1,0|0,0|0,0|0|0,0|0|0,0|0|0,,,
65601801,-1,-1,houyi_awaken,0.67,-7|-20|0.67,1|1|1,0|0,0|0|-72,0|0|0,0|0|0,0|0|0,,,
75100101,-1,-1,dongzhuo_10,0.61,0|-20|0.67,1|1|1,0|0,0|0,0|0|0,0|0|0,0|0|0,,,
75100201,-1,-1,degula_10,0.64,0|-20|0.67,1|1|1,0|0,0|0,0|0|0,0|0|0,0|0|0,,,
75100301,-1,-1,menghuo_10,0.63,0|-20|0.67,1|1|1,0|0,-25|0,0|0|0,0|0|0,0|0|0,,,
75100401,-1,-1,ganfuren_10,0.66,0|-20|0.67,1|1|1,0|0,0|0,0|0|0,0|0|0,0|0|0,,,
75100501,-1,-1,zhouyu_10,0.63,0|-20|0.67,1|1|1,0|0,0|0,0|0|0,0|0|0,0|0|0,,,
75100601,-1,-1,sunwukong_10,0.66,0|-20|0.67,1|1|1,0|0,0|0,0|0|0,0|0|0,0|0|0,,,
75100701,-1,-1,simayi_10,0.63,0|-20|0.67,1|1|1,0|0,0|0,0|0|0,0|0|0,0|0|0,,,
75100801,-1,-1,zhanghe_10,0.69,0|-20|0.67,1|1|1,0|0,0|0,0|0|0,0|0|0,0|0|0,,,
75100901,-1,-1,dengai_10,0.65,-7|-20|0.67,1|1|1,0|0,0|0,0|0|0,0|0|0,0|0|0,,,
75101001,-1,-1,qianbenying_10,0.63,0|-20|0.67,1|1|1,0|0,-25|0,0|0|0,0|0|0,0|0|0,,,
75101101,-1,-1,banila_10,0.62,-7|-20|0.67,1|1|1,0|0,0|0,0|0|0,0|0|0,0|0|0,,,
75101201,-1,-1,fenlier_10,0.67,-7|-20|0.68,1|1|1,0|0,-53|0,0|0|0,0|0|0,0|0|0,,,
75101301,-1,-1,weiweian_10,0.62,-7|-20|0.67,1|1|1,0|0,0|0,0|0|0,0|0|0,0|0|0,,,
75101401,-1,-1,fanhexin_10,0.65,-7|-20|0.67,1|1|1,0|0,-4|0,0|0|0,0|0|0,0|0|0,,,
75101501,-1,-1,anyue_10,0.69,-3|-20|0.67,1|1|1,0|0,0|0,0|0|0,0|0|0,0|0|0,,,
75101601,-1,-1,dianna_10,0.67,0|-20|0.67,1|100|1,-20|0,0|0,0|0|0,0|0|0,0|0|0,,,
75200101,-1,-1,xiahoudun_10,0.7,0|-20|0.67,1|1|1,0|0,0|0,0|0|0,0|0|0,0|0|0,,,
75200201,-1,-1,zhaoyun_10,0.65,0|-20|0.67,1|1|1,0|0,0|0,0|0|0,0|0|0,0|0|0,,,
75200301,-1,-1,daqiao_10,0.64,0|-20|0.67,1|1|1,0|0,0|0,0|0|0,0|0|0,0|0|0,,,
75200401,-1,-1,xiahouyuan_10,0.64,0|-20|0.67,1|1|1,0|0,0|0,0|0|0,0|0|0,0|0|0,,,
75200501,-1,-1,guanyu_10,0.61,0|-20|0.67,1|1|1,0|0,0|0,0|0|0,0|0|0,0|0|0,,,
75200601,-1,OD-01-10,caozhi_10,0.61,0|-20|0.67,1|1|1,0|0,0|0,0|0|0,0|0|0,0|0|0,,,
75200701,-1,-1,xunyu_10,0.61,0|-20|0.67,1|1|1,0|0,0|0,0|0|0,0|0|0,0|0|0,,,
75200801,-1,-1,diaochan_10,0.65,2|-20|0.67,1|1|1,0|0,0|0,0|0|0,0|0|0,0|0|0,,,
75200901,-1,-1,caocao_10,0.65,0|-20|0.67,1|1|1,0|0,0|0,0|0|0,0|0|0,0|0|0,,,
75201001,-1,-1,zhangfei_10,0.67,0|-20|0.67,1|1|1,0|0,0|0,0|0|0,0|0|0,0|0|0,,,
75201101,-1,-1,luxun_10,0.64,-7|-20|0.67,1|1|1,0|0,0|0,0|0|0,0|0|0,0|0|0,,,
75201201,-1,-1,yinyue_10,0.67,-3|-20|0.67,1|1|1,0|0,0|0,0|0|0,0|0|0,0|0|0,,,
75201301,-1,-1,spcaocao_10,0.67,-7|-20|0.67,1|1|1,0|0,-15|0,0|0|0,0|0|0,0|0|0,,,
75201401,-1,-1,banbenlongma_10,0.67,-7|-20|0.67,1|1|1,-27|0,-40|0,0|0|0,0|0|0,0|0|0,,,
75201501,-1,-1,yunmu_10,0.67,-7|-20|0.67,1|1|1,0|0,0|0,0|0|0,0|0|0,0|0|0,,,
75201601,-1,-1,teleisha_10,0.67,-7|-20|0.67,1|1|1,0|0,-30|0,0|0|0,0|0|0,0|0|0,,,
75201701,-1,-1,monika_10,0.67,-7|-20|0.67,1|1|1,0|0,-30|0,0|0|0,0|0|0,0|0|0,,,
75300101,-1,-1,hanlingdi_10,0.64,0|-20|0.67,1|1|1,0|0,0|0,0|0|0,0|0|0,0|0|0,,,
75300201,-1,-1,zhitianxinchang_10,0.64,0|-20|0.67,1|1|1,0|0,0|0,0|0|0,0|0|0,0|0|0,,,
75300301,-1,-1,jiangwei_10,0.62,4|-20|0.67,1|1|1,0|0,0|0,0|0|0,0|0|0,0|0|0,,,
75300401,-1,-1,fengchenxiuji_10,0.69,0|-20|0.67,1|1|1,0|0,0|0,0|0|0,0|0|0,0|0|0,,,
75300501,-1,-1,yidazhengzong_10,0.64,0|-20|0.67,1|1|1,0|0,0|0,0|0|0,0|0|0,0|0|0,,,
75300601,-1,-1,fangtianhuaji_10,0.66,0|-20|0.67,1|1|1,0|0,0|0,0|0|0,0|0|0,0|0|0,,,
75300701,-1,-1,yanyue_10,0.64,0|-20|0.67,1|1|1,0|0,0|0,0|0|0,0|0|0,0|0|0,,,
75300801,-1,-1,hanxiandi_10,0.63,0|-20|0.67,1|1|1,0|0,0|0,0|0|0,0|0|0,0|0|0,,,
75300901,-1,-1,zuoci_10,0.66,7|-20|0.67,1|1|1,0|0,0|0,0|0|0,0|0|0,0|0|0,,,
75301001,-1,-1,huangyueying_10,0.61,-7|-20|0.67,1|1|1,0|0,0|0,0|0|0,0|0|0,0|0|0,,,
75301101,-1,-1,tuling_10,0.65,-7|-20|0.67,1|1|1,0|0,-15|0,0|0|0,0|0|0,0|0|0,,,
75301201,-1,,SPweiyan_10,0.63,0|-20|0.68,1|1|1,0|0,0|0,0|0|0,0|0|0,0|0|0,,,
75301301,-1,,wangyi_10,0.67,0|-20|0.67,1|1|1,0|0,0|0,0|0|0,0|0|0,0|0|0,,,
75301401,-1,,xifeng_10,0.67,0|-20|0.67,1|1|1,0|0,-12|0,0|0|0,0|0|0,0|0|0,,,
75301501,-1,,pipiluo_10,0.67,0|-20|0.67,1|1|1,0|0,-200|0,0|0|0,0|0|0,0|0|0,,,
75400101,-1,-1,huangzhong_10,0.63,0|-20|0.67,1|1|1,0|0,0|0,0|0|0,0|0|0,0|0|0,,,
75400201,-1,-1,xuchu_10,0.67,0|-20|0.67,1|1|1,0|0,0|0,0|0|0,0|0|0,0|0|0,,,
75400301,-1,-1,liubiao_10,0.61,0|-20|0.67,1|1|1,0|0,0|0,0|0|0,0|0|0,0|0|0,,,
75400401,-1,-1,zhurong_10,0.61,0|-20|0.67,1|1|1,0|0,0|0,0|0|0,0|0|0,0|0|0,,,
75400501,-1,-1,guohuan_10,0.61,0|-20|0.67,1|1|1,0|0,0|0,0|0|0,0|0|0,0|0|0,,,
75400601,-1,-1,sunshangxiang_10,0.64,0|-20|0.67,1|1|1,0|0,0|0,0|0|0,0|0|0,0|0|0,,,
75400701,-1,-1,caiwenji_10,0.67,0|-20|0.67,1|1|1,0|0,0|0,0|0|0,0|0|0,0|0|0,,,
75400801,-1,-1,lvmeng_10,0.62,0|-20|0.67,1|1|1,0|0,0|0,0|0|0,0|0|0,0|0|0,,,
75400901,-1,-1,zhugeliang_10,0.63,-7|-20|0.67,1|1|1,0|0,0|0,0|0|0,0|0|0,0|0|0,,,
75401001,-1,-1,lvlingqi_10,0.7,0|-20|0.67,1|1|1,0|0,0|0,0|0|0,0|0|0,0|0|0,,,
75401101,-1,-1,chilian_10,0.67,0|-20|0.67,1|1|1,0|0,-20|0,0|0|0,0|0|0,0|0|0,,,
75401201,-1,-1,keruisi_10,0.65,0|-20|0.67,1|1|1,0|0,0|0,0|0|0,0|0|0,0|0|0,,,
75401301,-1,-1,liubei_10,0.65,-7|-20|0.67,1|1|1,0|0,0|0,0|0|0,0|0|0,0|0|0,,,
75401401,-1,-1,weila_10,0.65,-7|-20|0.67,1|1|1,0|0,0|0,0|0|0,0|0|0,0|0|0,,,
75401501,-1,-1,hujisheng_10,0.65,-7|-20|0.67,1|1|1,0|0,0|0,0|0|0,0|0|0,0|0|0,,,
75401601,-1,,kaixi_10,0.65,-7|-20|0.67,1|1|1,-10|0,-10|0,0|0|0,0|0|0,0|0|0,,,
75500101,-1,-1,simazhao_10,0.67,0|-20|0.67,1|1|1,0|0,0|0,0|0|0,0|0|0,0|0|0,,,
75500201,-1,-1,yuji_10,0.67,0|-20|0.67,1|1|1,0|0,0|0,0|0|0,0|0|0,0|0|0,,,
75500301,-1,-1,luxifa_10,0.61,0|-20|0.67,1|1|1,0|0,0|0,0|0|0,0|0|0,0|0|0,,,
75500401,-1,-1,guojia_10,0.61,-7|-20|0.67,1|1|1,0|0,0|0,0|0|0,0|0|0,0|0|0,,,
75500501,-1,-1,shuangzi_10,0.61,-7|-20|0.67,1|1|1,0|0,-40|0,0|0|0,0|0|0,0|0|0,,,75500501|755005011
755005011,-1,-1,shuangzi_10_emo,0.61,-7|-20|0.67,1|1|1,0|0,0|0,0|0|0,0|0|0,0|0|0,,,
75500601,-1,-1,lvbu_10,0.67,0|-20|0.69,1|1|1,0|0,-45|0,0|0|0,0|0|0,0|0|0,,,
75500701,-1,-1,yixienamei_10,0.67,0|-20|0.69,1|1|1,0|0,0|0,0|0|0,0|0|0,0|0|0,,,
75500801,-1,-1,apate_10,0.65,0|-20|0.69,1|1|1,0|0,-90|0,0|0|0,0|0|0,0|0|0,,,
75500901,-1,-1,feisina_10,0.65,0|-20|0.69,1|1|1,0|0,0|0,0|0|0,0|0|0,0|0|0,,,
75600101,-1,-1,shuijing_10,0.65,0|-20|0.67,1|1|1,0|0,0|0,0|0|0,0|0|0,0|0|0,,,
75600201,-1,-1,jiabailie_10,0.61,14|-20|0.67,1|1|1,0|0,0|0,0|0|0,0|0|0,0|0|0,,,
75600301,-1,-1,mijiale_10,0.62,0|-20|0.67,1|1|1,0|0,-20|0,0|0|0,0|0|0,0|0|0,,,
75600401,-1,-1,pangtong_10,0.63,-7|-20|0.67,1|1|1,0|0,-30|0,0|0|0,0|0|0,0|0|0,,,
75600501,-1,-1,huatuo_10,0.63,-7|-20|0.67,1|1|1,0|0,-10|0,0|0|0,0|0|0,0|0|0,,,
75600601,-1,-1,sp_mijiale_10,0.67,-7|-20|0.67,1|1|1,0|0,-60|0,0|0|0,0|0|0,0|0|0,,,
75600701,-1,-1,wulieer_10,0.67,-7|-20|0.67,1|1|1,0|0,0|0,0|0|0,0|0|0,0|0|0,,,
75600801,-1,-1,houyi_10,0.67,-7|-20|0.67,1|1|1,0|0,0|0|-72,0|0|0,0|0|0,0|0|0,,,
80000001,-1,-1,hundun,0.95,-200|-20|0.67,1|1|1,0|0,0|0,0|0|0,0|0|0,0|0|0,-100|-320,50|100,
80000002,-1,-1,heiqishi,0.67,0|-20|0.67,1|1|1,0|0,0|0,0|0|0,0|0|0,0|0|0,,,
80000003,-1,-1,chilian_shadow,0.7,-7|-20|0.68,1|1|1,0|0,0|0,0|0|0,0|0|0,0|0|0,,,
80000004,-1,-1,jinzhanbing,0.67,0|-20|0.67,1|1|1,0|0,0|0,0|0|0,0|0|0,0|0|0,,,
80000005,-1,-1,yuanchengbing,0.67,0|-20|0.67,1|1|1,0|0,0|0,0|0|0,0|0|0,0|0|0,,,
80000006,-1,-1,nueyan,0.9,0|100|0.67,1|1|1,0|0,0|0,0|0|0,0|0|0,0|0|0,172.5|-27,,
80000007,-1,-1,yan,0.75,0|0|0.68,-100|1|1,0|0,0|0,0|0|0,0|0|0,0|0|0,172.5|-27,,
80000008,-1,-1,boss_world_book,1,0|0|0.68,1|1|1,0|0,0|0,0|0|0,0|0|0,0|0|0,80|-60,,
90001001,-1,-1,shimo_mao_1,1,0|0|0,0|0|0,0|0,0|0,1|0|0,0.6|8|295,1|50|40,,,
90001002,-1,-1,shimo_mao_2,1,0|0|0,0|0|0,0|0,0|0,1|-20|55,0.6|0|310,1|0|20,,,
90001003,-1,-1,shimo_mao_3,1,0|0|0,0|0|0,0|0,0|0,1|-20|150,0.54|-5|333,1|0|0,,,
90001004,-1,-1,shimo_mao_4,1,0|0|0,0|0|0,0|0,0|0,1|50|360,0.54|30|370,1|0|0,,,
90002001,-1,-1,shimo_zhangyu_1,1,0|0|0,0|0|0,0|0,0|0,1|0|0,0.6|0|285,1|-25|40,,,
90002002,-1,-1,shimo_zhangyu_2,1,0|0|0,0|0|0,0|0,0|0,1|0|-40,0.6|5|265,1|-30|20,,,
90002003,-1,-1,shimo_zhangyu_3,1,0|0|0,0|0|0,0|0,0|0,1|0|0,0.51|0|285,1|-100|100,,,
90002004,-1,-1,shimo_zhangyu_4,1,0|0|0,0|0|0,0|0,0|0,0.95|20|40,0.49|15|290,0.95|-100|100,,,
90003001,-1,-1,shimo_lu_1,1,0|0|0,0|0|0,0|0,0|0,1|0|0,0.6|0|285,1|-50|0,,,
90003002,-1,-1,shimo_lu_2,1,0|0|0,0|0|0,0|0,0|0,1|-10|0,0.6|-10|300,1|-10|50,,,
90003003,-1,-1,shimo_lu_3,1,0|0|0,0|0|0,0|0,0|0,1|-40|180,0.54|0|345,1|-40|0,,,
90003004,-1,-1,shimo_lu_4,1,0|0|0,0|0|0,0|0,0|0,1|-30|480,0.448|-30|394,1|-40|80,,,
90004001,-1,-1,shimo_wumian_1,1,0|0|0,0|0|0,0|0,0|0,1|0|0,0.54|0|295,1|0|0,,,
90004002,-1,-1,shimo_wumian_2,1,0|0|0,0|0|0,0|0,0|0,1|0|0,0.6|0|320,1|0|0,,,
90004003,-1,-1,shimo_wumian_3,1,0|0|0,0|0|0,0|0,0|0,1|0|180,0.54|0|340,1|0|0,,,
90004004,-1,-1,shimo_wumian_4,1,0|0|0,0|0|0,0|0,0|0,1|0|480,0.45|0|400,1|0|40,,,
90005001,-1,-1,shimo_robot_1,1,0|0|0,0|0|0,0|0,0|0,1|0|0,0.54|0|280,1|0|0,,,
90005002,-1,-1,shimo_robot_2,1,0|0|0,0|0|0,0|0,0|0,1|0|0,0.54|0|280,1|0|0,,,
90005003,-1,-1,shimo_robot_3,1,0|0|0,0|0|0,0|0,0|0,1|50|125,0.486|15|280,1|0|0,,,
90005004,-1,-1,shimo_robot_4,1,0|0|0,0|0|0,0|0,0|0,1|0|370,0.486|0|370,1|0|0,,,
90006001,-1,-1,shimo_ampulla_1,1,0|0|0,0|0|0,0|0,0|0,1|0|0,0.66|8|280,1|0|0,,,
90006002,-1,-1,shimo_ampulla_2,1,0|0|0,0|0|0,0|0,0|0,1|75|0,0.6|25|310,1|0|0,,,
90006003,-1,-1,shimo_ampulla_3,1,0|0|0,0|0|0,0|0,0|0,1|25|150,0.54|0|320,1|0|0,,,
90006004,-1,-1,shimo_ampulla_4,1,0|0|0,0|0|0,0|0,0|0,1|0|290,0.486|0|360,1|0|0,,,
90007001,-1,-1,shimo_flowerfaery_1,1,0|0|0,0|0|0,0|0,0|0,1|0|0,0.66|8|280,1|0|0,,,
90007002,-1,-1,shimo_flowerfaery_2,1,0|0|0,0|0|0,0|0,0|0,1|0|0,0.6|5|310,1|0|0,,,
90007003,-1,-1,shimo_flowerfaery_3,1,0|0|0,0|0|0,0|0,0|0,1|25|150,0.6|0|335,1|0|0,,,
90007004,-1,-1,shimo_flowerfaery_4,1,0|0|0,0|0|0,0|0,0|0,1|0|290,0.56|0|410,1|0|0,,,
66100101,-1,-1,gouliang_1,0.75,0|0|0.67,1|1|1,0|0|0,0|0|0,0|0|0,0|0|0,0|0|0,,,
66200101,-1,-1,gouliang_2,0.75,0|0|0.67,1|1|1,0|0|0,0|0|0,0|0|0,0|0|0,0|0|0,,,
66300101,-1,-1,gouliang_3,0.75,0|0|0.67,1|1|1,0|0|0,0|0|0,0|0|0,0|0|0,0|0|0,,,
66400101,-1,-1,gouliang_4,0.75,0|0|0.67,1|1|1,0|0|0,0|0|0,0|0|0,0|0|0,0|0|0,,,
66500101,-1,-1,gouliang_5,0.75,0|0|0.67,1|1|1,0|0|0,0|0|0,0|0|0,0|0|0,0|0|0,,,
66600101,-1,-1,gouliang_6,0.75,0|0|0.67,1|1|1,0|0|0,0|0|0,0|0|0,0|0|0,0|0|0,,,
90008001,-1,-1,shimo_messenger_1,1,0|0|0,0|0|0,0|0,0|0,1|0|0,0.6|0|310,1|0|0,,,
90008002,-1,-1,shimo_messenger_2,1,0|0|0,0|0|0,0|0,0|0,1|0|0,0.5|0|310,1|0|0,,,
90008003,-1,-1,shimo_messenger_3,1,0|0|0,0|0|0,0|0,0|0,1|25|225,0.45|0|300,1|0|0,,,
90008004,-1,-1,shimo_messenger_4,1,0|0|0,0|0|0,0|0,0|0,1|0|400,0.55|0|390,1|0|0,,,
90009001,-1,-1,shimo_golem_1,1,0|0|0,0|0|0,0|0,0|0,0.8|-40|0,0.45|-20|280,0.9|-50|110,,,
90009002,-1,-1,shimo_golem_2,1,0|0|0,0|0|0,0|0,0|0,0.8|40|0,0.4|20|300,0.7|0|110,,,
90009003,-1,-1,shimo_golem_3,1,0|0|0,0|0|0,0|0,0|0,0.8|15|225,0.35|0|300,0.7|0|110,,,
90009004,-1,-1,shimo_golem_4,1,0|0|0,0|0|0,0|0,0|0,0.7|-20|200,0.3|-10|300,0.6|0|110,,,
